1,1,1,1,1,1,1,1,1,1,1,1,1,1,1,1,1,1,1,1,1,1,1,1,1,1,1,1,1,1,1,1,1,1,1,1,1,1,1,1,1,1,1,1,1,1,1,1,1,1,1,1,1,1,1,1,1,1,1,1,1,1,1,1,1,1,1,1,1,1,1,1,1,1,1,1,1,1,1,1,1,1,1,1,1,1,1,1,1,1,1,1,1,1,1,1,1,1,1,1,1,1,1,1,1,1,1,1,1,1,1,1,1,1,1,1,1,1,1,1,1,1,1,1,1,1,1,1,1,1,1,1,1,1,1,1,1,1,1,1,1,1,1,1,1,1,1,1,1,1,1,1,1,1,1,1,1,1,1,1,1,1,1,1,1,1,1,1,1,1,1,1,1,1,1,1,1,1,1,1,1,1,1,1,1,1,1,1,1,1,1,1,1,1,1,1,1,1,1,1,1,1,1,1,1,1,1,1,1,1,1,1,1,1,1,1,1,1,1,1,1,1,1,1,1,1,1,1,1,1,1,1,1,1,1,1,1,1,1,1
0.958,1.039,1.035,0.978,1.01,0.998,0.94,0.992,1.022,1.08,1.311,1.31,1.233,1.424,1.005,1.007,1,1.002,1.035,1.086,1.004,1.672,1.167,1.081,1.002,1.029,1.311,1.104,1.001,1.008,1.051,1.103,0.989,1.001,1.16,1.114,1.196,1.17,1.13,0.993,0.96,1,1,1.022,1.024,1.043,1.002,1,1.018,1.003,1.007,1.056,1.082,1.062,1.021,0.982,1.007,1.031,1.058,1.001,1.042,1.004,1.024,1,1,1.002,1.009,1.008,1.009,1,1.002,1.003,1.062,1.103,1.171,1.374,1.096,1.017,1.016,1.106,1,1.02,1.093,0.999,1.28,1.046,1.294,1.019,1.438,1.291,1.21,1.057,1.36,1.184,1.008,1.153,1.065,1.167,1.258,1.003,1.773,1.111,1,0.975,1,1.011,1.027,1.172,1.241,1.049,1.015,1.167,1.001,1.066,0.969,1.006,1.022,1.279,2.29,1.035,1,1.016,1.013,1.058,1.127,1.004,1.046,1.176,1.111,1.026,1.001,1.006,1.078,1.024,1.072,1.078,1.296,1.002,1.051,1.037,1.04,1.093,1.681,1.016,1,1.129,1.01,1.046,1.06,1.018,1.001,1.026,1.11,1.092,1.057,1.188,1.05,1.041,1.042,1.077,1,1.058,1.013,0.995,2.18,1.022,1.012,1.048,1.022,1.006,1.01,1.001,1.277,1.048,1.044,1.009,1.416,1.001,1.042,1.117,1.109,1.065,1.096,1.126,1.079,1.383,1.207,1.067,1,1.091,1.122,1.064,1.817,1.589,1.1,1.188,1.03,1.057,1.032,1.511,1.099,1.217,1.027,1.053,1.079,1.043,1.017,1.03,1.267,1.347,1.116,1.264,1.012,1.172,0.898,1.124,1.036,1.058,1.707,1,1.067,1.15,1.199,1.097,1,0.969,1.235,1.02,1.831,0.993,1.233,1.035,1.232,1.533,1.085,1.003,1.006,1.03,1.38,1.389
0.97114,1.01163,0.95153,0.96084,1.00398,0.99178,0.92653,1.0791,1.18237,1.35927,1.62457,1.69594,1.31804,1.75657,1.17173,1.28527,2.29406,1.34229,4.27271,1.24386,1.59778,8.35843,1.2148,1.21543,1.56049,1.29141,2.65959,1.98957,1.04671,1.04933,1.19963,1.87696,1.08729,1.57814,2.07884,1.38265,1.26706,6.12441,1.27712,1.09708,0.91433,1.05733,1.02376,0.99963,1.52376,1.05212,1.0542,1.02814,1.21657,1.17527,1.14284,1.23794,1.0949,1.04459,1.01484,1.14196,1.11304,1.06014,1.08541,1.08545,1.04751,1.08961,0.98067,1.13761,1.014,2.19627,1.08371,1.35955,0.99959,1.00159,1.06614,1.8619,1.14678,1.18627,1.29806,1.66139,1.13702,1.1182,1.13284,1.47902,1.08486,1.12731,1.33651,1.14129,1.32045,1.083,1.56882,1.04,1.616,1.80086,1.24576,1.08671,1.40033,1.26537,1.01339,1.19584,1.53247,1.27718,1.31347,1.22029,2.34212,1.201,1.11778,1.26429,1.51861,1.60682,1.11092,1.60667,1.30096,1.1229,1.89545,1.19327,1.09904,1.011,1.07455,1.13637,1.13092,1.62467,7.40453,3.18914,1.13737,1.45267,1.25555,1.22984,1.20673,1.08227,4.34822,1.88833,2.67078,1.6688,1.28418,1.55263,1.56806,1.25931,3.48704,1.54637,1.40994,2.19435,1.68241,1.71857,3.45686,3.00467,3.06763,1.68051,1.17178,14.1138,1.50139,3.49627,1.32661,1.23708,1.35543,1.9439,2.39616,1.7158,1.79253,3.18984,1.2099,1.18551,2.4852,7.22078,1.03245,1.37057,1.03,1.01822,2.37531,1.02578,1.13251,1.27396,1.48024,1.01122,1.08918,2.81424,1.84251,1.08118,1.22773,1.1621,1.58314,1.06041,1.08776,1.176,1.12604,1.07904,1.69249,1.90888,1.57488,1.50635,2.05496,1.84904,1.59186,1.30053,1.956,1.32578,3.18786,3.37061,2.0521,1.70182,1.06265,1.51496,2.186,25.41959,1.89543,1.439,1.074,1.362,1.9962,1.20929,1.45624,1.52714,10.60308,44.5152,2.59269,2.81929,1.04261,2.00486,1.117,1.267,1.36843,1.16486,2.52412,1.04596,1.11508,2.74904,2.59655,1.19876,44.916,1.041,2.70371,1.15259,2.34553,1.51959,3.84888,1.0572,5.44627,4.94398,2.64084,3.2479,1.0479,3.24935,2.61561,23.70802
1.05214,1.30702,1.07669,1.07259,1.06012,1.07141,1.04361,1.29376,1.4432,1.56041,2.02343,2.30918,1.4042,2.16731,1.15494,1.56182,8.03351,2.56743,13.44653,3.82086,3.18437,80.23533,1.60086,4.47145,6.49843,1.93788,6.74488,6.44449,1.48243,1.33365,1.74453,3.30345,1.295,1.96743,2.94459,1.75208,1.34204,10.56786,1.44949,1.22151,0.992,2.84284,1.09171,1.13257,1.78929,4.95747,1.04859,1.08202,1.59814,1.58976,1.82959,1.64516,1.21739,1.35257,1.05227,1.33394,1.28498,1.21559,1.69424,1.22378,1.10251,1.43404,1.02271,1.29561,1.02876,3.79992,2.0182,4.52398,1.05522,1.53437,1.21727,5.13296,1.32206,1.26153,1.41112,1.92369,1.179,1.21986,1.23451,2.25959,1.189,1.19331,1.60329,1.21296,1.34945,1.09998,1.94227,1.05012,2.94071,4.54029,1.33351,1.23412,1.68186,1.52273,1.0322,1.201,1.88708,1.36986,1.53494,2.01829,2.6682,1.34163,1.26516,1.71449,1.90349,3.48108,1.79186,3.67545,1.43086,1.47484,7.24657,1.25453,2.85763,7.20751,1.6582,1.77406,1.23435,1.91055,7.729,6.14714,1.57092,3.74867,2.0422,2.04273,1.26273,1.32124,5.003,2.62678,5.07188,4.6488,2.17435,2.54402,2.17004,1.93559,4.33192,3.09904,3.95053,3.23718,1.71102,2.05506,4.60043,4.1839,3.93092,2.3208,2.83222,14.33388,6.38055,10.39865,1.67141,3.10906,2.97998,3.97286,3.41176,5.26547,4.8701,8.89778,1.42782,1.58571,2.70561,14.36584,0.9998,1.72822,1.048,1.07645,2.85876,1.11616,1.29114,1.76304,2.85588,1.12312,1.40247,4.17224,3.93902,1.125,1.39884,1.38665,1.75157,1.18863,1.26502,1.35153,1.113,1.10612,3.79357,2.56237,2.41716,1.94494,3.41,3.01771,2.14863,2.72851,3.73959,4.10937,6.03114,9.55302,5.12231,21.72178,1.19522,1.91953,6.847,43.18518,14.00057,3.27029,1.595,2.746,3.45894,1.58222,4.99671,20.77629,20.93818,50.629,4.31533,4.92471,1.22833,4.21757,5.67,4.386,1.77443,1.56057,3.0218,1.13343,1.31155,5.26557,9.01022,3.1062,51.551,1.1,3.15173,1.75478,2.9209,4.66094,10.50955,1.59031,27.912,28.81384,17.09459,7.55612,2.0859,21.97306,6.61182,80.41522
1.17514,1.42353,1.20757,1.13553,1.1591,1.17333,1.15629,1.45667,1.65951,1.93561,2.65743,3.39949,1.65567,3.03612,1.34604,2.34516,9.81818,3.20243,80.4591,12.72571,4.98053,130.48971,2.09357,6.82549,8.41247,2.18163,14.32718,20.46471,2.50143,8.58527,2.20331,7.73537,1.68129,2.07829,3.56408,3.0751,1.41665,20.00235,1.68445,1.53522,1.17741,2.86308,1.43157,1.48639,1.99422,6.79647,1.31696,0.99392,1.81671,1.83812,2.80963,2.21963,1.29573,1.67524,1.22314,1.74343,1.40543,1.45273,2.15318,1.37871,1.18578,1.64682,1.10653,1.52788,1.36524,3.59418,4.64692,8.44553,1.10545,2.27092,1.78309,5.59461,1.46537,1.31306,1.75224,3.10527,1.2328,1.4999,1.38341,3.4238,1.28743,1.23898,1.90922,1.24906,1.38235,1.14247,2.36698,1.07618,3.45071,5.63143,1.48843,1.31696,1.92706,1.76614,1.09098,1.34578,2.18494,1.44037,1.71343,2.94702,3.388,2.06253,1.59057,2.09178,2.21651,6.11618,2.31735,5.05961,1.61535,1.76776,10.41876,1.32659,4.80088,7.66502,2.16135,2.51788,1.80835,2.43961,9.16382,9.99371,2.00804,9.23208,2.57496,3.03247,1.33465,1.53961,5.28755,7.86078,5.40035,4.891,3.27737,3.94898,2.49216,2.85439,4.46878,5.19302,8.67061,4.2758,2.37057,2.66886,5.70143,4.35131,5.24516,5.02396,7.07463,15.00167,17.03114,17.1419,2.08961,4.34602,3.134,12.44282,6.26737,9.29273,8.47765,12.39188,2.01361,2.48067,2.814,17.16145,1.01331,1.97957,1.06567,1.12767,3.37784,1.18924,1.41435,2.11933,3.99139,1.24653,1.74098,4.91543,5.43127,1.18455,1.57743,1.59643,1.93871,1.33484,1.48598,1.51571,1.14906,1.16012,4.12963,3.96376,3.37463,2.63598,5.70555,4.6718,2.77929,3.75765,4.63214,11.90506,12.05886,17.431,10.30041,48.23422,1.7702,2.48216,8.46,42.57182,25.875,6.89414,2.863,6.57,5.52937,2.42976,8.05235,33.71686,21.20078,57.71361,7.85827,24.72286,2.0191,7.3671,8.931,12.126,2.20629,2.00414,3.5021,1.27651,1.51537,5.80449,15.61547,24.84173,50.091,1.591,7.07045,2.78351,3.5919,7.21192,29.26053,2.57657,30.71569,49.4678,23.36763,10.63435,4.15235,29.4202,14.29859,88.66588
1.526,1.61453,1.73802,1.21708,1.32894,1.34384,1.21251,1.63678,2.12837,2.19776,4.25714,4.50167,2.12161,5.20361,1.41616,3.44947,13.48788,4.45529,116.72039,14.81514,6.98982,178.36822,2.4029,8.99702,14.0239,2.49453,99.9922,31.05651,5.44286,15.93584,2.71229,10.5358,2.43314,2.21843,5.36335,5.79818,1.67269,25.97471,1.96796,3.06514,1.34788,2.88343,1.73743,1.79145,2.26396,8.03482,1.40557,1.46433,2.301,2.01806,3.4359,2.9302,1.48676,2.12592,1.34451,2.39692,1.52598,1.53898,2.30329,1.7601,1.28569,1.84471,1.17604,1.89173,1.626,4.80253,7.17435,8.994,1.48386,2.96447,2.64798,6.47896,1.58704,1.41108,2.4658,5.93139,1.30704,1.77702,1.58371,5.63659,1.48357,1.26792,2.24745,1.272,1.39859,1.17502,3.31782,1.11,3.70571,7.14143,1.68063,1.47137,2.03308,1.97255,1.16865,1.59465,2.52267,1.55196,1.92757,3.81347,4.26524,2.58157,1.99382,2.56714,2.66686,7.98094,2.83371,6.11496,1.80659,2.09559,12.0339,1.39612,6.58518,7.57024,2.87143,3.01849,2.41353,3.31839,9.455,11.99757,2.33716,11.45943,3.21547,4.28249,1.40667,1.83431,5.36535,12.80994,5.756,5.09514,4.04749,5.04116,2.72688,3.5719,5.09116,10.73139,11.34553,4.81963,3.47,3.91827,7.67986,4.57298,8.37194,8.46084,10.19545,14.05245,29.30012,20.74755,2.61249,5.89245,3.315,23.17159,7.07969,10.04353,13.458,14.246,2.57533,3.90494,2.90012,19.30961,1.06382,2.1582,1.08735,1.16735,3.87659,1.2831,1.73155,2.58559,5.29222,1.44659,2.05702,5.67506,6.33798,1.29529,1.7802,1.79767,2.177,1.57494,1.71357,1.70906,1.162,1.23741,4.09635,4.91482,4.26786,3.6118,8.35422,6.7579,7.43096,4.56418,5.29061,14.90678,20.488,35.01488,16.75876,49.553,2.75896,3.20592,9.476,42.92241,26.46029,25.17414,5.187,33.63,6.48486,3.65596,8.77545,37.169,21.42753,71.88292,12.16722,35.765,2.70802,10.23565,12.821,36.213,2.83957,2.47486,4.25676,1.41637,1.75988,6.24249,20.76218,37.40635,49.854,3.327,44.10573,3.95384,4.57576,10.13906,54.24122,3.63688,31.47312,79.75259,27.36439,13.82667,6.73314,32.62904,53.64643,99.13631
2.19857,1.81033,2.51149,1.39604,1.77851,1.56876,1.25614,2.36839,3.76461,2.66537,10.25071,7.5069,3.25304,10.77576,1.46653,5.5691,15.55614,4.26786,407.39951,20.11329,10.48129,324.53359,3.326,11.60545,23.45027,2.75682,153.03584,39.2639,8.72543,51.69308,3.60912,14.011,4.711,2.29429,7.33569,7.94584,1.9442,40.23596,2.32022,3.92061,1.70216,2.925,2.05014,2.11929,2.60506,8.88806,1.54143,1.86639,2.58729,2.1962,4.68092,5.22598,1.75118,2.70063,1.44059,3.78504,1.68896,1.62973,2.48808,2.10373,1.37696,2.09969,1.26347,2.19931,2.07361,4.41224,19.77333,12.05122,2.31471,4.85298,3.38408,7.25884,1.66559,1.48455,4.12688,9.06567,1.44243,2.05118,1.69959,6.36265,1.59686,1.3219,2.53904,1.2942,1.43624,1.19161,4.48102,1.18227,4.06386,8.92,2.08198,1.66157,2.22831,2.19394,1.30969,1.9189,2.8399,1.69259,2.12953,4.61939,4.90371,3.08335,2.33402,3.10369,3.41869,9.61327,3.6181,8.97841,2.09029,2.53933,12.512,1.51465,7.7681,8.12343,3.49851,3.57433,2.96314,4.06224,9.939,13.533,3.02251,12.69463,4.14802,6.21437,1.53427,2.18643,5.429,21.37447,5.86543,5.2411,5.18833,6.62694,2.98018,4.1868,5.32276,12.60229,11.26343,5.02739,6.11378,5.68394,10.35814,4.764,13.26447,9.64563,12.22778,14.19094,38.92251,21.214,3.44563,7.40149,3.44343,24.81249,8.40841,10.88627,18.32204,15.18684,3.28514,5.55141,3.003,20.13502,1.08224,2.36967,1.10906,1.23524,4.55227,1.36682,2.06263,3.05673,6.92273,1.62231,2.38573,7.67065,7.14131,1.47973,1.94463,1.98867,2.53986,1.96318,2.17049,1.95355,1.21951,1.35561,4.35394,6.0568,4.98408,4.73037,12.57412,8.85982,11.54302,5.32867,5.54829,16.32876,23.94157,44.56561,23.60851,49.553,3.68673,4.06843,10.11,44.404,25.19314,30.02714,8.345,47.427,7.34529,4.67657,9.55961,40.52871,24.82769,75.89751,18.66433,41.75286,3.26133,12.77004,12.861,46.079,3.40871,3.065,9.89816,1.68335,2.02055,6.336,23.93776,44.36522,54.229,5.167,54.13798,5.38065,5.60253,11.36492,60.40033,5.20918,33.31518,177.1581,29.39,16.08153,9.46139,35.73388,95.02214,98.72
2.58343,1.96453,4.97067,2.08388,2.12143,1.86218,1.31896,4.35241,6.23963,3.52994,22.47729,19.54316,4.91961,22.37386,1.59506,9.53845,20.80347,5.23586,493.5702,22.129,13.59282,509.44886,4.13486,12.16353,28.37739,2.93149,505.66996,47.7751,12.82643,115.59012,4.349,16.73884,5.458,2.42929,24.03349,9.75761,2.19655,56.93269,2.70194,4.86255,3.13686,3.208,2.28588,2.61386,3.09857,10.23337,1.67092,2.07267,3.72257,2.60784,6.73271,8.43604,2.22812,3.82457,1.59857,5.12955,1.83235,1.73794,2.96569,2.63141,1.46561,2.35863,1.6208,2.78173,3.27865,4.47671,29.56437,12.96308,3.39667,7.80961,4.25647,7.419,1.92218,1.63959,7.04388,11.0491,1.59878,2.61398,1.81451,7.17843,1.76329,1.42284,2.70384,1.30788,1.49373,1.27894,5.46867,1.24473,4.376,9.98614,2.42945,1.82692,2.368,2.41037,1.64986,2.4921,3.17814,1.87484,2.34284,5.2692,5.31063,3.5629,2.70682,3.5988,4.47259,11.44741,4.3789,10.16755,2.4889,3.08859,13.264,1.62557,9.07051,8.53435,4.1409,4.26602,3.40418,4.71394,10.197,20.12071,4.18612,14.81,4.9211,9.11169,1.73592,2.64569,5.589,23.94753,6.41592,5.26041,6.59735,8.16665,3.18284,4.70914,5.50131,14.006,11.47229,6.14961,8.5118,6.94951,13.66357,5.00763,16.43504,10.80404,14.84259,14.77408,42.90188,22.77392,4.44267,9.64294,3.528,27.52988,8.69249,11.35339,23.58571,15.79933,4.04351,7.29278,3.044,21.32422,1.11714,2.68016,1.12902,1.32402,5.35145,1.49182,2.44439,3.54702,8.33545,1.97708,2.74296,9.2138,8.10265,1.6982,2.10486,2.19186,3.10643,2.32012,2.61302,2.10053,1.28261,1.48661,4.60978,7.34253,5.51331,5.88402,14.74424,11.68067,17.18047,6.10447,5.70794,17.18892,25.043,51.05439,30.97743,50.20449,4.73376,5.05318,10.443,45.76598,25.69971,33.92557,12.593,54.48,8.13239,5.73435,10.24643,44.19271,25.39902,80.94212,26.36214,43.84686,4.51133,15.34808,13.709,53.667,4.297,3.584,11.45927,1.88504,2.28047,6.404,25.73784,47.74,59.145,7.811,57.76441,6.67165,7.20767,12.096,64.448,7.52202,34.80467,191.82198,30.2208,18.89539,12.04427,38.249,112.29151,101.89484
2.586,1.98457,7.18671,2.61929,2.294,2.22814,1.37486,5.473,11.79371,5.26971,40.009,27.59457,6.93271,35.36086,1.81371,19.34357,22.672,6.568,566.82286,23.482,71.28643,729.59986,4.66586,13.25971,31.823,3.159,652.917,56.02886,16.765,199.46057,5.21529,17.836,9.278,2.603,44.45657,11.91329,2.46971,84.305,3.32186,5.259,4.03514,3.541,2.801,3.20957,3.665,11.47157,1.876,2.36871,5.976,3.10443,10.20243,9.76657,3.11071,5.82257,1.853,7.24971,2.31386,1.99886,3.83086,4.20557,1.65114,2.71971,2.08657,4.026,4.85443,4.44029,36.76871,13.32743,4.87443,11.18547,5.29643,8.29557,2.05271,1.70671,13.53743,12.218,1.74571,3.17043,2.11086,10.59657,1.922,1.49343,2.91729,1.35486,1.59786,1.45643,6.29214,1.33757,4.613,10.952,2.72557,2.00329,2.53143,2.61214,2.28543,3.28257,3.43071,2.02014,2.55829,6.08657,5.76486,3.997,3.046,4.03214,5.27286,12.77614,5.07986,11.08257,2.83857,3.58029,13.70571,1.76714,9.72929,8.755,4.99057,5.41214,3.918,5.31971,10.45,21.524,5.667,16.51043,5.81486,15.06143,2.064,3.31571,5.615,24.93386,6.77286,5.36086,8.38043,9.46329,3.49343,5.29786,5.63514,14.56071,12.061,7.03571,10.75514,7.73143,16.147,5.216,18.74114,11.66743,16.005,14.91529,49.90429,24.20086,5.98486,12.03029,3.543,29.17957,9.60971,11.40971,27.95986,16.84586,4.77543,8.85957,3.087,21.88671,1.15814,3.09771,1.159,1.39086,5.905,1.61229,3.04143,4.08343,9.68271,2.419,3.12371,9.96114,9.08486,1.939,2.249,2.37543,3.736,2.63671,3.073,2.21514,1.39814,1.64186,4.638,8.25543,6.19629,7.21514,16.85771,16.041,20.18357,6.88614,5.899,17.79643,25.774,57.144,37.80214,51.10929,5.61986,6.09457,10.587,47.05371,25.151,36.971,19.701,57.485,9.26257,7.12714,10.325,46.233,26.478,84.223,35.15343,46.062,5.34329,17.687,13.381,58.586,5.087,4.079,12.76643,2.06029,2.54371,6.474,27.10043,50.81257,60.194,26.777,59.894,8.23771,9.02471,12.46829,65.812,10.11014,35.562,200.80957,31.37886,21.59457,15.91543,39.93957,122.33871,105.27271
3.51271,2.07061,8.12947,2.78371,2.50204,2.69027,1.42902,7.67124,14.64659,6.73955,53.59114,32.90284,8.87847,56.61886,2.13273,28.10086,23.05929,7.681,599.7028,25.90243,88.39394,901.74194,5.56382,14.60943,36.98576,3.41098,724.95494,61.3978,19.59614,381.30676,5.752,20.49161,10.40629,2.891,58.69551,14.34065,2.88571,110.80167,4.41753,6.5898,5.97182,4.13582,4.67639,4.41651,4.50035,12.78249,1.945,2.8399,6.439,3.53504,13.85547,11.57543,4.28314,9.09684,2.2771,8.32612,2.98441,2.4058,8.34706,4.98686,1.99582,3.26167,2.48518,4.59294,6.04012,5.36537,40.40639,14.612,6.71284,19.20251,6.82306,8.29765,2.45165,1.86316,17.70773,15.9419,1.92537,3.91337,2.93096,11.94112,2.16086,1.60129,3.09957,1.407,1.71678,1.66996,7.30222,1.46522,5.09514,11.716,2.98131,2.19645,2.65316,2.81488,3.30749,4.06996,3.70084,2.16943,2.75284,6.94673,6.291,4.48476,3.42284,4.50463,6.15957,12.69094,5.96192,11.549,3.32178,4.07712,14.02278,1.88231,9.6441,9.0479,5.85427,6.85671,4.23771,5.78592,10.64043,22.60271,9.16218,18.82529,6.85453,18.54806,2.55192,4.1722,5.68192,25.943,7.03778,5.52924,9.94269,10.01792,3.86245,5.94714,5.68941,15.33569,12.48304,7.532,11.71127,8.4639,18.55357,5.30894,19.68969,12.21529,17.92537,15.1948,55.23165,24.73896,7.55722,14.70898,3.566,29.83886,10.26345,11.711,28.634,18.07506,5.52316,10.44947,3.04453,23.13457,1.18941,3.4722,1.1888,1.45669,6.24761,1.73531,3.63967,4.61276,11.08816,2.81578,3.45951,11.62976,9.85796,2.23661,2.46155,2.58282,4.265,2.98716,3.47816,2.36155,1.56714,1.79547,4.80804,9.50794,6.7968,11.99141,18.09876,19.86192,21.47416,7.70396,6.10449,18.4789,26.347,62.01065,48.31892,51.31116,6.42769,7.24843,10.703,47.3,25.63,39.00857,28.17,58.949,10.49067,8.52759,10.67518,47.19814,28.15902,87.253,44.01227,48.17,6.56876,19.98541,13.687,61.653,5.857,8.48629,13.49027,2.30745,2.83231,6.442,27.43031,53.158,62.16,46.822,60.725,10.00049,11.37643,12.72139,68.94514,13.38859,35.93553,205.82824,31.707,24.43786,20.81792,40.20292,129.83965,105.178
4.05729,2.20051,9.31257,3.35069,2.97631,3.53635,1.61773,10.78065,17.98941,7.95818,65.106,40.747,10.57812,112.96769,2.63886,30.89622,25.70196,9.48929,621.28288,28.148,105.22335,1119.93382,6.35906,15.68716,41.45598,3.75139,757.7632,66.02704,94.73014,544.38657,6.15173,20.73665,11.01443,2.96057,74.13014,15.33061,3.37724,190.21914,5.54014,7.73696,6.52357,4.69808,6.3419,5.26067,5.43484,14.7201,2.1271,3.26486,7.03086,6.22008,42.04541,12.96933,6.05965,13.39524,2.8352,10.776,3.404,3.02229,11.18257,5.62637,2.27745,4.40106,3.09086,4.81857,6.76565,6.00161,42.72794,15.79396,8.7438,25.75341,7.31239,8.85898,2.69347,2.03273,20.94912,19.55388,2.14296,4.93459,3.31706,12.43849,2.26786,1.76682,3.24922,1.48369,1.86218,1.95614,8.23167,1.58888,5.37371,12.27514,3.24778,2.3242,2.80318,3.01343,4.3929,5.18506,4.03137,2.33576,2.97369,7.38278,6.62939,4.87898,3.67949,4.95669,6.83529,12.77247,10.48467,11.78704,3.8289,4.6082,14.21606,2.02447,9.601,9.243,6.69941,8.15053,4.51451,6.31104,10.68,23.68943,11.65639,19.523,8.19122,20.32361,3.06371,5.05771,5.69041,26.91673,7.60747,5.61939,11.36569,10.291,4.15214,6.60133,5.816,16.05894,12.58016,7.719,13.06947,9.47769,20.851,5.39098,20.91424,13.0472,18.978,15.294,56.185,25.457,9.14141,17.48731,3.62035,30.389,10.79124,11.79,28.692,18.53151,6.2638,12.09829,3.04522,23.573,1.237,3.81988,1.216,1.53204,6.5621,1.86398,4.21343,5.13233,13.41959,3.22614,3.83478,12.4499,10.52759,2.61127,2.58733,2.75396,4.97586,3.46045,3.87363,2.53194,1.80647,1.94565,4.8828,10.51761,7.21629,14.36298,19.64165,24.04569,22.6561,8.40635,6.29055,18.87,25.81829,65.74324,102.55831,51.816,6.98378,8.54018,10.867,47.22506,26.831,40.65071,37.144,61.593,11.77937,10.11449,11.11694,48.681,33.00182,91.6672,99.68276,49.29,7.86902,27.14061,14.027,64.183,6.40943,10.02514,13.70476,2.69076,3.09773,6.473,27.522,55.33741,65.191,67.253,62.11,12.23516,14.33441,13.33361,70.0978,18.13559,37.16084,208.675,32.029,27.02853,24.87422,41.12086,133.866,104.31043
5.11786,2.51351,11.32361,12.76731,4.26722,5.65184,1.94184,12.88876,19.5068,9.29804,190.92543,44.81461,12.71804,159.42263,3.16702,37.44188,28.19439,11.618,644.744,29.23557,126.64849,1244.02088,6.80241,16.08657,44.30759,4.02286,791.93727,71.48343,109.66429,686.76524,6.53806,23.792,11.25971,3.118,93.00953,16.30345,17.79206,248.15518,6.30924,8.88947,7.23288,5.12276,7.6438,6.16812,6.49449,16.59106,2.32059,4.11582,7.11714,7.45684,51.57671,14.12284,7.31018,18.02163,3.72635,11.81082,3.76943,3.38822,12.88661,6.36812,2.71886,5.5009,3.88741,5.45306,7.53718,6.31986,47.75653,16.60261,11.01073,33.15261,8.69847,9.04092,3.20353,2.28696,55.32753,21.13451,2.40496,6.3969,3.60549,13.48169,2.412,1.93006,3.32269,1.6078,2.03096,2.40112,9.34198,1.69653,5.48557,13.04214,3.54231,2.53776,3.00214,3.21488,5.30443,6.28845,4.36102,2.51006,3.18496,8.3528,7.198,5.27349,4.00233,5.3888,7.08384,13.076,12.39257,12.349,4.34904,5.22914,14.85527,2.13263,9.94022,9.294,7.77933,9.32669,4.92096,6.84151,10.858,24.839,12.14543,19.74035,18.36584,21.16345,3.63359,5.98622,5.6729,27.87667,7.62555,5.79735,13.5172,10.5181,4.4962,7.29643,5.91216,16.49147,13.08141,7.67335,13.8278,10.33153,22.77986,5.464,21.84051,13.78751,19.80055,15.32951,55.855,25.893,10.5558,20.24135,3.60516,31.01902,11.29071,12.00729,28.75,19.146,7.24041,13.81118,3.085,24.16355,1.313,4.11718,1.24937,1.58249,6.849,2.01563,4.73865,5.68569,15.42135,3.65306,4.24722,13.17839,11.09812,3.00455,2.80829,2.89376,5.81929,3.96047,4.25488,2.68471,2.05243,2.12082,4.95855,11.13112,8.04757,16.83233,21.29118,28.06469,22.96145,9.26198,6.387,19.10582,25.30871,68.29953,114.42843,52.84151,7.91988,9.80471,10.989,47.504,27.232,42.20129,72.581,64.105,12.7688,12.1358,11.37,49.97414,33.52996,93.0099,122.24867,50.013,9.21696,32.5629,13.958,66.204,7.55186,11.20957,14.82573,3.02429,3.34916,6.60631,27.566,56.919,67.434,175.298,63.553,14.59133,17.8412,13.38567,72.48712,22.72129,37.732,212.115,32.3858,30.1139,29.367,42.10347,137.843,102.386
6.42857,2.71402,13.97367,14.50518,5.79922,8.63786,2.28837,13.9521,22.53,11.16798,261.98914,50.95092,15.03635,204.73592,3.78049,43.59008,29.76,12.58314,655.64102,29.703,477.52714,1334.92659,7.77602,16.284,47.993,4.36239,873.01092,78.99712,125.42143,826.30933,7.29353,24.04124,13.38929,3.30843,256.0942,18.508,19.96114,309.93306,7.67096,9.44712,7.51057,5.57292,9.20561,7.42669,7.45343,18.7912,2.94929,4.76069,8.44357,8.62192,60.20735,15.43061,8.90359,22.52349,4.47506,12.20878,4.105,3.6272,15.43106,7.4041,3.19914,6.59447,4.18702,5.59843,8.22984,6.18084,52.63761,17.924,13.94794,41.33586,9.87937,9.94733,3.40898,2.34053,67.89076,25.0028,2.74837,8.14699,4.96567,15.95178,2.63014,2.09096,3.4872,1.72855,2.19376,2.86343,10.05461,1.82518,5.736,13.37914,3.80888,2.75537,3.18449,3.41027,6.3541,6.88178,4.72478,2.69439,3.39976,9.14271,7.63171,5.66335,4.39816,5.81069,7.35141,13.279,14.29176,12.702,4.96447,5.83869,15.42998,2.23788,10.41731,9.36116,9.078,12.75494,5.26418,7.30484,10.971,25.65043,13.15706,20.14555,22.59698,21.51165,4.15551,7.08235,5.82757,28.71116,8.14839,5.95141,15.6611,10.86937,4.85924,8.08743,5.92743,17.00686,13.32469,7.70006,14.226,11.14827,24.20029,5.56659,23.00486,14.43912,20.88655,15.44871,55.745,26.96182,11.95169,22.94173,3.636,31.9798,11.85816,12.255,28.809,19.15776,8.19912,15.85169,3.08986,23.957,1.41449,4.41586,1.29173,1.63573,7.03476,2.12716,5.4358,6.13657,17.72267,4.09096,4.70239,14.37018,11.71951,3.3941,3.00706,3.0651,6.54543,4.4301,4.6079,2.856,2.24712,2.29535,5.07186,11.86647,8.77937,19.35022,22.46188,32.28435,23.621,10.02041,6.53637,19.18141,26.751,70.58714,119.80569,52.477,8.88678,11.24131,10.958,48.55,27.436,43.323,109.616,63.589,13.82367,13.93549,11.244,49.879,34.79114,95.381,132.63643,56.56171,10.15241,38.61257,14.073,68.894,8.65829,12.35071,16.47804,3.28178,3.57153,6.73692,28.57508,58.376,68.737,207.666,64.716,16.79053,22.4688,13.4,75.5049,27.12894,38.28086,213.73,32.275,33.31316,43.34945,41.96137,140.44724,101.86937
6.61,2.83671,16.67776,16.29247,7.74133,17.23337,2.62306,15.56524,24.01049,13.32935,294.74271,54.56906,16.72629,238.01482,4.45998,47.23031,30.914,13.36229,602.33904,30.37714,549.61784,1398.88198,8.20218,17.07747,51.56286,4.77565,842.64967,82.4351,145.02286,973.21051,7.56473,27.561,13.72371,3.47986,300.21253,18.988,22.33751,368.6399,8.61302,10.76486,7.78669,5.567,11.1438,8.19076,8.20586,20.80651,3.39114,5.78488,9.07157,9.651,69.77943,16.88,10.43039,27.94186,5.14129,12.195,4.71588,3.90112,19.16076,7.93704,3.72173,8.55996,4.53376,5.81569,9.06118,6.40553,59.29249,18.547,17.17476,50.16569,11.66796,11.39,3.80902,2.43061,76.45727,28.12069,3.0518,14.64902,6.01067,16.35029,2.80486,2.2581,3.64608,1.829,2.36247,3.09204,10.90792,1.9421,5.88714,14.01857,4.07131,3.01141,3.41057,3.59833,6.92363,7.402,5.23157,2.84782,3.61067,9.27959,7.859,6.04506,4.61545,6.23829,7.21149,13.44104,16.12869,12.788,5.42492,6.40455,15.76967,2.3561,10.49941,9.55627,10.22096,13.89769,5.51112,7.76208,10.87192,26.559,14.01829,20.24651,25.38396,22.37018,4.66424,8.00227,5.798,29.69904,8.275,6.046,16.441,11.21057,5.25543,8.8061,6.04129,17.43698,14.07045,7.655,14.69776,12.21459,25.31171,5.583,23.303,14.8459,21.20486,15.36461,55.82178,27.26747,13.40259,25.39188,3.67959,33.50606,12.15263,12.467,29.104,19.27055,9.61204,17.8778,3.12043,24.84616,1.47122,4.78808,1.33504,1.672,7.166,2.209,6.0019,6.54798,19.65786,4.54863,5.22047,15.53249,12.20831,3.79412,3.23069,3.25112,7.865,4.79771,4.88933,3.02012,2.38896,2.46096,5.12706,12.20969,9.52543,21.91351,23.18729,37.31967,23.86265,10.69698,6.581,19.437,26.675,71.7592,122.112,53.06453,9.82341,12.91102,11.05,49.415,27.59271,44.389,118.544,63.079,14.96237,15.55896,11.35498,50.054,35.77641,97.785,137.201,57.93057,11.34188,46.4781,14.309,70.409,9.42986,13.05114,17.77029,3.6032,3.81831,6.7158,29.72859,59.82459,70.082,216.241,65.398,18.93861,26.03382,13.81465,76.106,39.41343,38.989,215.635,32.44,76.24947,60.72029,41.356,141.32,105.68765
6.63414,2.91706,57.16931,18.33855,9.95296,23.907,3.09945,17.3508,24.745,14.997,317.323,58.37471,16.77171,224.70135,5.53057,51.879,31.83676,14.107,572.152,31.143,557.068,1273.24112,7.42204,17.489,45.50041,3.84355,813.32143,76.797,152.45271,951.88531,5.41604,27.31441,14.90471,3.70029,334.26522,19.96933,24.5298,432.85204,9.60141,10.36451,8.99047,5.78057,31.26082,8.67,8.89457,23.15502,3.73273,6.73061,9.31671,10.22869,74.90129,17.42533,11.46986,31.55204,6.20102,13.08386,5.39753,4.55592,22.30818,8.21208,4.52416,10.44092,5.15327,6.42971,9.508,6.5389,59.92922,18.758,19.97671,57.23218,12.99802,11.39,4.039,2.5769,83.42129,29.61504,3.36471,19.27835,6.0312,16.06627,2.576,2.42094,3.80165,1.9252,2.54451,3.46143,11.68484,2.04849,6.073,14.52314,4.31571,3.28239,3.54904,3.79202,7.79665,7.866,5.75333,3.07596,3.85759,9.26,8.12906,6.37729,4.85416,6.60914,7.511,13.759,17.85965,12.96973,5.86618,6.93451,16.04298,2.46735,10.59241,9.6851,11.47904,14.84167,5.84896,8.2111,10.88,27.113,14.27261,20.34747,29.31214,22.53751,5.07631,10.22067,6.0648,24.17694,8.30137,6.14176,16.607,11.463,5.3112,8.47367,6.13014,17.776,14.46324,7.79569,15.25994,13.29431,26.61443,5.65724,24.00745,11.85122,21.99,15.33686,48.60818,22.58071,13.02257,23.76788,3.89582,32.24229,11.21031,10.02539,25.31255,16.62308,9.65139,17.54924,3.371,21.78263,1.48316,5.13008,1.37692,1.68308,7.10955,2.2691,6.54612,7.01927,21.61398,5.09973,5.68594,17.00457,12.70447,4.14751,3.263,3.44008,9.21043,5.10051,5.30247,3.20867,2.59592,2.62592,5.24529,12.65086,10.44604,25.23214,23.86916,45.23892,23.942,11.6169,6.52902,20.034,26.73157,72.69894,122.56,53.43463,10.55227,14.62237,11.112,50.194,27.28943,45.20871,123.147,64.279,15.21604,15.74727,11.546,50.92986,36.86851,99.371,137.025,56.72571,12.43316,55.09824,14.167,71.189,10.22829,13.803,18.377,3.19084,4.04818,6.749,30.521,60.69,70.632,222.505,65.743,20.97549,29.98745,13.886,76.942,53.68049,39.601,217.287,32.65384,84.47147,80.08873,42.046,144.213,110.46859
7.743,3.35443,71.00214,20.54257,12.81757,31.78043,3.49071,17.70414,26.51471,16.87629,287.016,47.15829,17.19729,266.374,6.43371,55.126,25.19429,14.854,540.70529,23.207,601.47229,1307.731,6.22314,10.556,48.74743,5.06186,731.77614,71.25414,154.263,1039.81157,5.02629,19.658,15.657,3.795,362.89843,21.16514,25.88529,491.58514,9.37014,11.31957,8.24557,5.747,36.55829,9.47271,9.68729,24.924,4.03271,6.90943,10.143,10.946,78.28214,18.03329,13.39314,35.93229,6.83971,14.26829,5.69743,5.24543,24.13329,8.48214,5.51871,12.21,5.79129,6.55671,9.95371,6.77671,55.83371,16.669,20.88557,52.18457,10.67186,8.67443,4.432,2.95957,90.16271,30.87057,3.44814,25.93614,7.03029,16.39557,2.353,2.59043,2.804,2.07243,2.69486,4.04757,8.82229,2.19157,5.384,10.537,3.84614,3.40871,3.29043,3.30229,8.75314,9.44871,6.22614,3.18014,4.11971,9.54529,8.39657,6.698,5.11671,6.936,5.43286,9.09257,14.32914,8.698,5.11257,5.68971,11.50629,2.57757,10.64914,9.758,12.81143,15.23414,6.27529,8.67557,11.03014,27.082,11.42586,15.19,21.476,13.64671,4.759,9.36614,4.92243,18.297,6.561,4.71929,13.19,11.688,5.556,8.26543,5.449,12.42214,14.586,7.82971,15.592,14.50171,27.581,5.707,24.185,9.33529,16.55286,11.57829,44.407,17.37571,13.105,23.38571,3.285,23.55871,9.336,9.491,22.68157,12.144,10.071,17.30271,2.90829,16.09586,1.56257,5.36786,1.413,1.74729,7.26886,2.40271,7.26157,7.22843,23.457,5.562,6.17614,18.02157,13.073,4.51143,3.45786,3.60214,9.452,5.41114,5.67971,3.33743,2.17657,2.22686,5.355,13.087,11.34214,29.10643,21.97186,77.401,24.551,12.29429,5.77757,13.872,18.845,73.4,124.30857,54.697,9.823,13.134,11.222,50.194,19.212,33.762,98.425,50.456,14.44457,13.47043,9.36243,36.795,25.33614,100.765,113.43286,42.938,13.717,61.869,13.533,72.388,8.624,11.049,9.83314,3.13229,3.327,5.24614,20.55029,61.89671,72.184,228.157,33.52786,19.22557,22.98186,11.044,44.61243,53.86886,30.86986,160.62714,30.49443,92.25057,90.01471,42.487,146.831,111.23929
7.916,3.64582,82.42753,21.987,15.563,37.97498,3.92569,18.69998,21.456,12.52635,328.917,53.696,17.55745,275.75924,4.92416,44.36563,23.65208,12.16229,515.519,22.34071,559.78155,1206.12224,5.617,8.99208,39.12986,3.83292,646.17402,60.1431,160.22243,1036.77876,4.37639,14.81029,16.63643,3.87629,333.69235,17.38347,28.10206,455.69745,8.50229,8.63714,8.27176,6.10367,44.11143,10.79496,11.0421,26.86878,4.538,7.85629,8.96486,12.28688,71.26773,15.46145,13.28084,33.58318,6.77596,12.97361,6.20208,5.895,25.89486,8.83884,6.53522,14.45541,6.50704,7.04451,10.868,7.17745,50.95104,14.86743,22.30986,51.49141,9.42257,6.41645,4.54818,2.975,96.45894,31.328,3.64549,30.54851,7.57665,17.15498,2.56457,2.72759,2.36086,2.15331,2.83447,4.30259,7.17263,2.31276,5.33543,11.60386,3.68855,2.4929,3.44718,3.14124,7.03694,11.40359,5.33551,2.88702,3.63418,10.01239,7.48531,5.54455,5.40222,7.26627,5.50963,9.38669,14.36661,8.70186,5.27027,5.73,10.82747,2.65894,9.64457,9.79927,14.20439,15.66329,6.50186,9.05688,11.3,27.907,10.83141,14.27396,22.426,13.079,4.70814,8.80563,4.90796,17.5041,7.0398,4.72973,12.79898,7.9458,5.89112,7.84473,4.39459,10.936,11.54014,7.88888,12.80839,15.72696,28.381,5.83069,20.05776,9.59829,15.09231,11.63698,43.373,16.3712,13.59384,24.14949,3.56271,20.91794,10.016,10.58408,22.463,11.75141,10.452,16.79837,2.96124,16.38847,1.66006,5.77988,1.00861,1.17808,6.53565,1.61702,5.84165,5.65953,21.08804,4.9848,6.577,15.33061,9.93551,3.67996,3.00504,2.888,9.93971,4.34767,4.63882,2.777,2.25155,2.385,5.19259,10.08343,10.48688,27.53131,16.061,66.39396,16.729,10.43755,5.17639,13.58392,19.06757,52.12414,97.19641,53.69576,9.71,12.73014,9.857,30.72924,20.31986,37.11157,93.586,42.305,15.51057,13.66108,8.73841,30.275,24.5912,75.60533,106.35888,28.62971,11.97553,56.57753,12.074,52.145,8.27486,11.31429,9.17286,3.36773,3.39761,4.844,18.459,48.594,61.603,175.907,32.96851,19.24116,22.14908,10.7418,41.06504,57.73451,31.53255,147.59253,15.20047,82.41078,75.01992,25.22792,106.10514,76.16198
7.974,3.95545,86.853,21.69255,17.47849,42.32051,4.20035,19.23739,23.43292,15.57465,297.23643,41.37496,16.95496,243.77588,6.51147,47.30888,24.01424,11.71657,471.86459,18.15286,533.04106,1154.95653,5.54102,7.55457,31.48722,3.582,612.73855,51.9399,159.76371,967.07492,3.72684,12.07335,16.37486,3.41786,364.28514,19.28127,29.41376,535.792,9.82253,8.83706,9.969,6.409,49.96604,11.769,10.74353,28.72176,4.99151,9.08859,9.41914,11.68614,75.54541,15.095,14.25033,38.08422,6.87384,9.99261,7.35841,6.44971,27.92339,9.34553,7.54606,16.25186,5.53298,7.10306,7.80708,5.17269,51.68451,13.23747,22.40771,53.15035,9.76604,6.63512,4.859,3.12265,87.69463,27.44398,4.09271,29.161,5.94304,13.56947,2.707,2.84167,2.57143,2.27924,2.31194,3.55869,7.00002,2.41443,5.19443,11.739,4.04857,2.56641,3.4811,3.26757,7.5458,7.82559,5.50576,2.86312,3.6461,7.40841,7.022,5.07447,4.74141,6.32643,5.99878,10.76871,14.02808,8.70608,5.49298,5.74506,11.45322,2.76737,8.22206,9.91382,15.48843,15.89857,5.92576,7.90545,11.22359,28.29429,10.7508,14.80684,22.32269,12.98837,4.78639,8.40324,5.02894,18.67192,6.57929,4.59582,12.21498,7.14335,5.96149,7.58055,4.59431,10.94359,11.48886,7.51961,9.90422,15.18833,24.498,5.38412,16.61188,8.73641,16.92637,10.89488,37.89492,14.24841,12.94882,22.17967,3.419,18.0849,9.42041,9.3559,20.39294,10.588,10.23431,16.30482,2.94302,14.99549,1.42629,6.11843,1.12437,1.1932,5.69343,1.58937,5.73951,5.48902,20.46667,5.25469,5.75971,15.16765,9.43329,3.23294,3.12688,2.47922,8.81714,4.05512,4.93033,2.71641,2.49827,2.46761,4.532,9.37441,10.84153,25.581,16.16496,67.79765,16.78318,10.76804,4.85406,14.60857,21.69914,49.84618,100.133,30.22263,10.33994,12.65,9.365,34.00594,23.171,36.30986,85.901,33.343,15.8558,13.23455,8.06955,30.15029,21.27627,80.556,89.8911,22.83471,12.62014,57.84408,10.01,39.484,9.31029,11.622,8.35763,3.29786,3.24678,4.64469,17.70763,52.657,53.341,165.524,34.19867,18.7088,21.751,9.22696,41.49645,63.92382,32.10043,127.54371,14.37778,86.07031,78.703,23.70261,109.14063,71.5898
6.35757,3.048,76.841,18.2551,16.93455,37.42335,3.09816,19.804,18.56712,12.13276,279.05829,37.17435,16.89686,238.91165,5.42073,35.11347,19.67806,9.87371,424.6932,15.397,497.33845,1096.70473,5.08776,6.33218,28.63161,3.67092,591.51696,47.58892,156.445,971.13047,3.81704,11.71455,13.97429,3.507,344.226,19.18478,29.25065,530.9351,9.38555,9.93882,9.24845,5.23286,46.5061,9.70298,11.81635,25.79159,3.9042,9.6848,8.38571,10.04049,70.76582,13.74,15.32571,37.643,6.73,9.4042,7.38388,6.66114,30.05888,9.76886,8.40182,17.69357,6.69504,7.43884,6.9598,5.62027,43.77073,10.86688,19.58302,47.21108,8.5542,4.8609,4.29373,2.5032,88.17384,25.65347,4.27404,36.65357,5.8559,12.77241,2.62286,2.40206,2.59433,1.983,2.16216,3.76553,7.562,2.01045,5.18557,10.22871,3.72265,2.39559,3.50953,3.0358,7.37039,7.94171,5.57278,2.99641,3.68349,7.43861,6.71896,5.111,4.84986,5.49073,5.77455,9.94,13.30647,7.34908,5.30147,5.2002,9.75631,2.40908,8.4798,9.91227,14.72249,16.63633,5.99102,7.56945,9.92118,17.31829,10.13545,13.77661,23.04855,11.71408,4.693,8.50745,5.067,19.55671,5.23767,4.22533,11.1968,7.32202,5.29169,7.51333,4.594,11.40888,12.14878,5.98127,10.72849,15.93351,24.87571,5.547,17.84469,7.38957,14.90247,9.9612,38.07861,14.41741,12.70327,22.37527,3.27845,18.76924,8.14541,9.07941,18.98155,10.869,9.95202,16.5002,2.83298,14.967,1.51084,6.37382,1.10618,1.171,5.3691,1.67129,5.62873,5.24127,19.61549,4.79802,5.33096,15.76337,8.85696,3.35363,3.11463,2.62671,9.85643,4.80843,5.34306,2.79218,2.397,2.18,4.48653,8.4101,10.81541,23.97057,16.52902,67.31167,16.94696,11.00153,4.45822,12.86514,19.90086,56.08735,91.48645,31.55322,10.40702,12.13698,8.818,29.53694,20.73543,35.92671,85.613,31.54,16.26933,13.67076,7.00608,26.63986,21.86159,66.50992,82.37778,23.72043,11.95937,49.49882,8.873,34.652,9.20843,12.315,7.68449,3.35859,3.19761,4.466,17.73063,50.64851,53.079,154.498,33.08373,18.72888,21.38361,8.12804,39.39035,62.60188,27.49276,126.98663,14.66414,85.023,76.31412,24.51424,99.5282,66.31906
6.77186,3.97729,78.84184,18.79986,17.37851,40.676,3.28541,13.14241,15.738,10.64053,257.583,33.34392,16.56669,230.20886,4.61584,26.86592,17.66351,8.09243,393.93347,13.51643,468.676,998.21714,4.31118,5.25984,23.3002,3.6898,561.456,47.18306,148.782,922.42884,3.67667,12.61333,11.70543,3.44371,327.34369,16.77737,28.548,550.50849,9.334,8.43,10.55392,6.26212,48.82327,9.62714,13.16757,28.364,4.0691,7.43296,6.55929,9.57222,66.19831,14.15869,15.64053,37.41494,6.54935,10.43035,7.53061,6.75643,27.89741,7.82278,8.22467,16.02465,6.41639,5.5162,5.89259,4.84355,39.12849,9.47253,17.68033,42.569,7.28282,3.99141,5.24957,3.28467,92.81688,27.99043,4.12649,39.94224,6.39604,12.347,2.69514,2.35,2.74196,2.16353,2.42037,4.383,8.21935,2.091,4.94171,9.90343,3.62473,2.23394,3.64169,3.04057,6.73114,7.55467,5.08524,2.84006,3.62373,7.30149,6.82584,5.51047,4.63198,5.23141,5.17839,10.47267,13.59859,7.34239,5.04114,5.51259,9.26453,2.42133,9.15669,8.11857,13.939,10.80386,5.995,7.8,9.41008,14.957,9.28455,13.37239,25.32406,11.2939,4.73806,8.68927,5.142,19.16494,4.31508,4.104,10.85216,7.645,4.58447,7.35424,4.555,11.40996,11.58671,6.333,11.34306,16.31684,25.31857,5.55312,17.216,8.21961,13.87733,9.87524,39.24351,15.68182,12.65696,22.03524,3.32412,20.19796,7.75488,9.34327,19.64649,11.46963,10.135,16.53949,2.9201,15.87647,1.60106,4.06416,1.09912,1.17808,5.131,1.77696,5.20857,5.1391,18.7232,4.72765,4.92253,17.25565,9.337,3.28339,3.08149,2.56982,11.40143,4.4629,5.07337,2.49639,2.29673,2.02143,3.97845,6.67563,10.46173,21.41037,15.73135,66.56,15.23778,10.96453,4.00414,10.51333,19.70257,51.53308,85.77955,30.52008,10.3508,11.858,7.887,31.01394,19.76171,35.76343,87.453,29.182,17.32598,14.55292,6.42698,23.65257,21.39071,63.12137,78.84996,23.45057,12.20976,49.96451,8.601,36.338,9.197,12.638,7.1362,3.601,3.30098,4.28102,17.57273,45.35055,51.057,151.924,33.3942,18.87969,21.55116,7.41369,40.61729,62.60543,25.81922,133.74839,14.83559,83.342,69.46427,25.38608,90.69663,62.92643
7.04743,4.11741,80.67157,17.43696,17.86102,41.51629,3.50051,13.47478,13.39071,9.63416,237.04486,29.759,16.27,220.956,4.522,25.22833,18.18486,6.64457,380.15708,12.05686,450.85676,980.8808,4.17994,4.838,20.21002,3.77071,529.99327,53.20504,144.58886,877.685,3.85561,11.70441,10.06557,3.47271,319.42696,15.51696,29.71339,551.80976,9.05488,8.01494,10.19902,5.99537,47.94112,9.91641,13.735,27.70741,4.05867,7.82524,4.93171,8.26065,60.13678,13.03939,15.05086,36.29531,5.92563,9.74188,6.11933,6.4019,27.10759,7.82504,8.26194,17.52312,6.37606,5.26812,4.78502,3.977,36.26573,7.78933,16.67582,38.89,6.22984,3.34429,4.92598,2.9582,81.539,26.21865,4.0701,40.955,5.79782,10.49778,2.426,2.42653,3.04661,2.27284,2.22047,4.40841,8.98147,2.04859,4.65771,10.20086,3.603,2.18886,3.74273,3.15957,7.48773,6.63941,5.03482,2.82802,3.40129,6.93506,7.40959,5.72367,4.45129,5.7358,4.99,9.52349,13.11067,6.19718,5.09753,5.52165,8.90855,2.44022,9.14235,8.84182,14.50988,9.47796,6.04992,7.92033,9.748,13.86329,9.782,14.54831,24.66524,11.96869,4.97988,8.82222,5.164,19.28514,3.92098,4.05045,10.17724,7.486,4.43055,7.08235,4.36498,12.0369,9.34439,6.2261,11.67739,15.73573,23.87357,5.4848,17.29002,8.83433,13.474,10.37808,40.39341,15.33684,12.588,21.63,3.42686,21.123,7.0872,8.77794,19.81133,12.80557,8.97941,15.58692,3.023,16.85335,1.52735,4.61998,1.06969,1.224,5.19992,1.84553,4.91886,4.78043,17.549,4.76004,4.44461,16.26416,9,3.45394,2.93171,2.59094,11.039,3.99757,4.76563,2.68688,2.2961,1.92427,3.5561,6.7542,10.0899,20.99467,17.34724,65.00833,12.10176,11.80294,4.04337,11.91092,17.46286,49.094,78.12337,30.36865,10.48161,11.26565,7.15,27.07251,18.557,35.97186,84.006,29.228,16.7242,14.015,5.8879,25.93529,20.88702,63.29778,78.732,24.53757,12.528,47.54755,8.256,34.536,9.29943,12.42957,7.98288,3.85492,3.24543,3.88096,19.82235,43.52282,46.287,147.093,28.66176,18.38261,20.27024,7.00088,34.07292,63.28841,27.67122,148.17908,17.40559,87.74149,70.21571,26.0142,86.16141,65.8009
5.71229,4.069,77.29696,15.4888,17.60771,39.73869,3.4382,12.63337,11.68976,9.08692,227.40786,27.51984,16.17508,215.26667,4.07422,21.64267,22.29363,5.50157,346.64567,10.713,428.40635,963.0578,4.16286,4.40239,19.45639,3.72586,554.18341,57.48447,145.02357,835.72708,4.18133,15.21439,8.131,3.35771,296.40069,14.15418,29.351,524.40218,8.83914,8.08598,8.44973,5.64131,48.13871,9.51502,13.77014,27.27249,4.353,6.5822,4.54571,8.64245,57.42657,12.967,13.93122,36.87661,5.324,9.127,6.62459,6.30182,27.4071,7.819,9.1511,18.41712,6.1372,4.92692,3.87888,3.60953,31.17543,7.09027,15.90629,36.92727,5.61667,2.71533,4.30586,2.84771,77.30492,21.92159,4.187,39.76943,5.5578,10.46304,2.479,2.42492,3.12555,2.39829,2.36553,4.70339,9.54163,1.95873,4.93571,9.79657,3.76763,2.26202,3.60694,3.11329,7.43073,6.5558,4.77859,2.983,3.22206,7.32449,7.58027,5.5399,4.46316,5.82994,3.94178,8.16339,11.79494,5.31361,4.63206,4.96171,7.72327,2.25882,7.90506,8.60751,13.67188,8.29584,5.71769,7.74482,9.23182,14.46657,10.25398,14.6598,25.969,13.89908,4.74186,8.61233,5.11,19.31557,3.63735,4.04055,10.10539,7.15031,4.39678,6.99151,4.34,12.37292,8.31635,5.85618,9.91747,14.26137,22.54357,5.21331,14.90784,8.76433,12.85731,10.55639,36.642,14.90439,11.46539,19.16667,3.38429,20.15873,7.01408,8.286,18.673,12.288,8.68431,15.01447,2.983,15.92794,1.5319,4.56396,1.13771,1.09996,5.13822,1.68824,4.91282,5.106,18.01604,5.08506,4.12806,16.595,10.09182,3.64569,3.1001,2.71198,10.59171,4.03671,4.77563,2.86143,2.24396,1.94933,3.434,6.70847,10.08539,22.55927,17.8232,64.67343,13.02588,12.239,4.14794,12.73559,16.21486,44.44265,66.25676,25.07635,10.80716,10.98422,6.14,22.81353,18.06143,35.60043,79.221,27.632,16.86722,13.73222,5.27588,25.62129,19.9549,59.52006,82.33657,25.07629,12.68273,46.73406,8.091,35.782,9.655,12.32914,8.70224,3.904,3.39759,3.88031,20.82953,41.328,45.938,131.474,27.21076,17.85506,19.10824,6.41457,33.80786,62.12208,26.63469,147.71167,15.99124,93.99196,72.25708,26.24237,96.20237,69.26747
4.597,3.72557,67.20829,13.09043,16.141,35.51014,2.94157,12.24057,11.13757,9.31271,212.462,25.96071,16.40714,215.209,4.217,20.34814,19.20543,5.82,341.702,9.804,399.40657,916.63271,4.07386,4.20629,21.87814,4.09043,557.31157,63.25171,143.965,834.13057,4.53143,16.447,8.066,3.214,282.42957,12.182,29.202,494.61,8.58286,7.53,6.04129,5.10014,45.43529,9.19743,13.25871,26.91,3.961,6.658,4.183,8.541,56.63257,10.96114,13.34271,36.205,5.40229,8.597,5.759,5.86229,27.45057,8.08157,9.28129,18.722,5.80229,5.25514,3.45171,3.35757,28.439,6.47343,14.974,35.375,5.509,2.56314,4.64457,2.814,70.90543,21.14286,3.93614,36.475,5.071,10.21657,2.702,2.486,3.155,2.23114,2.30186,5.17357,9.62529,2.11157,4.182,10.084,3.83757,2.42557,3.24757,3.03143,8.06843,6.62129,5.26871,2.98886,3.45843,7.02357,7.52714,6.03371,4.51214,5.91771,3.74586,8.52071,11.76757,5.216,4.46629,4.78914,7.26314,2.36857,7.22357,8.13,12.42286,7.076,5.90757,7.64486,9.18186,16.654,8.96014,14.01071,27.56757,13.697,4.57914,9.00171,5.05286,18.20429,4.15429,4.04443,10.29143,7.40786,4.83843,6.99314,4.17657,10.89214,6.69786,5.37786,9.51543,13.21329,22.295,5.26214,15.25757,8.381,10.04143,9.10314,35.00029,14.93614,10.44543,17.90414,3.335,21.43514,6.382,7.95871,18.73929,11.95986,8.469,14.712,2.887,15.63771,1.52586,4.652,1.07257,1.261,5.232,1.83214,5.48014,5.70114,19.27114,4.847,4.59629,17.781,9.722,3.24314,3.272,2.74043,10.342,4.49,4.75471,2.99971,2.05114,2.04686,3.411,7.54314,9.85529,24.30329,17.61386,59.656,12.56386,12.19514,3.72386,11.52914,17.667,39.76229,58.40386,19.69,10.788,9.93343,5.271,19.13614,18.081,33.106,73.375,27.632,17.27843,14.71,5.25314,28.176,19.40871,61.03371,86.75829,22.54,12.59486,46.13886,7.842,36.653,10.419,12.199,8.41557,4.005,3.49714,3.998,19.316,38.88286,43.928,123.439,27.78129,18.09386,19.38829,5.95386,33.11386,61.21814,24.46643,136.40814,13.89643,102.115,70.094,22.234,98.164,65.03514
4.02043,3.52747,62.04216,11.29788,14.97573,32.57455,2.71457,9.50653,10.38143,8.51965,203.094,23.87655,16.074,207.53559,3.82927,18.91045,18.28661,5.69914,327.79665,9.63014,381.16065,897.609,4.359,4.31482,23.353,4.05286,575.00294,61.13271,142.40371,842.433,4.334,16.83124,8.36743,3.212,261.10816,11.025,27.66304,469.33306,7.571,6.7611,5.36169,5.30133,43.7221,8.5899,12.93851,28.42651,4.00769,7.03408,4.138,7.64278,48.40984,8.45729,12.48712,32.96596,4.58727,6.34486,4.82249,5.16586,25.28747,8.22916,9.093,18.01373,5.561,5.34153,3.02708,2.97496,27.56612,6.0652,14.62457,35.13051,5.35696,2.50212,3.7322,2.44,77.76045,21.06633,3.94512,36.47873,4.88304,9.813,2.82443,2.5251,3.18798,2.06661,2.319,5.86033,8.65565,2.12041,3.86,10.336,3.79551,2.24857,3.43251,3.11037,7.4251,7.50076,5.46882,2.79116,3.63827,6.58655,7.39422,6.28633,4.15261,5.82382,3.19086,8.06324,10.70933,5.42216,4.01708,4.33988,8.23527,2.40951,7.3138,7.68576,12.06292,7.14376,5.995,7.35522,9.228,17.324,8.34292,14.05573,29.12663,13.86582,4.38127,9.15551,5.067,17.73067,4.23992,4.1879,10.40531,6.41229,4.89627,7.09184,4.01261,9.7139,6.19814,5.2619,9.86841,11.572,20.538,5.17565,16.0271,7.98696,9.51418,8.924,32.43212,15.97,11.16029,17.86541,3.248,20.25937,5.691,7.82622,17.64861,10.63353,7.84939,14.04178,2.87267,15.78222,1.4208,4.83506,1.07759,1.36553,5.161,1.82182,6.21363,6.15971,20.12,4.67784,4.61012,16.65876,9.41604,3.17704,2.84682,2.58329,9.23243,4.5729,4.93686,3.1901,1.81361,2.09671,3.415,8.26037,9.8938,24.349,16.50939,58.61788,11.4341,11.89294,3.62633,11.53114,19.80371,38.68673,60.84039,16.04643,11.36082,10.81853,4.565,18.04294,18.37314,33.47229,71.64,25.592,17.86957,14.41255,4.86114,22.58414,18.04957,58.542,90.64157,27.234,12.70563,48.45414,7.698,37.892,10.02957,11.444,8.01547,3.75922,3.47361,3.78824,17.76724,38.67445,42.91,115.69,24.53516,18.366,20.08582,5.42367,30.42794,59.67902,25.59533,139.33771,15.24635,92.51596,69.5262,25.493,99.64673,53.08053
3.78829,3.55057,56.9228,9.81927,14.47949,31.06045,2.70237,7.76863,10.16529,9.21745,190.442,22.187,15.91767,208.11739,3.86539,19.00347,17.937,5.15543,296.00229,9.15771,371.09116,835.06512,4.11771,4.32318,24.07431,3.81029,540.97765,59.91569,138.157,856.021,4.42039,15.5478,7.84357,3.02371,226.54965,10.53539,27.56322,425.15306,6.68012,5.78708,4.69178,5.06965,42.69345,8.21947,12.37837,26.91898,4.10271,6.9358,3.44814,6.74635,44.03373,8.52157,11.47535,30.544,4.53559,6.45045,3.6772,4.45373,23.90118,7.69445,8.92741,18.06404,4.79476,5.13273,2.81629,2.97302,25.50853,5.55351,13.84451,32.698,4.97918,2.26135,3.28071,2.4181,78.756,21.71137,3.95469,38.36722,5.13735,10.63631,2.41843,2.57347,3.35437,1.99788,2.275,5.914,9.88629,2.13051,4.05929,9.604,3.53994,1.84571,3.57827,3.18496,7.13824,6.7909,5.7802,2.76529,3.77708,5.52063,6.98967,6.25637,4.11527,5.99286,2.93351,8.79798,11.96173,6.26247,3.63594,4.47333,9.739,2.30937,6.80994,7.87922,12.0008,7.80549,6.12229,7.44351,9.16,15.392,7.98206,12.6799,29.40339,14.54573,4.41698,9.21478,4.972,17.96394,4.66982,4.36827,10.0008,5.5821,5.12373,7.235,3.97455,9.7798,6.39071,4.89294,10.01749,11.84441,20.31443,5.14055,17.05945,7.15306,9.93122,9.02014,33.043,16.17684,10.41937,18.15876,3.281,21.65249,4.91535,7.68488,17.5821,10.30973,7.3408,14.3089,2.8592,15.1818,1.19563,4.99149,1.02008,1.36973,4.89396,1.74288,6.16735,5.94614,21.57102,4.62931,4.7522,13.4989,8.326,3.34129,2.30622,2.46906,8.435,4.475,4.80388,5.04353,1.62702,1.8119,3.349,9.33918,9.70751,24.68739,15.58382,58.72461,12.12931,11.89284,3.43853,11.03827,19.28214,44.71478,66.7998,14.78394,11.79182,10.59439,4.439,16.3729,16.92571,33.97357,70.331,22.23,17.71406,14.11939,4.56116,20.81057,17.44759,62.63339,85.72165,27.69371,11.77645,48.27022,7.698,40.583,9.90929,10.911,8.11041,3.35,3.17855,3.48608,15.30773,37.39729,40.516,110.695,23.06059,18.90278,21.65706,5.29318,34.82302,57.42729,24.42235,138.90678,12.13757,95.412,73.203,19.97833,86.79135,51.04255
3.598,3.84067,56.961,9.69,14.397,31.403,2.95273,6.73965,9.65282,8.549,189.724,23.23904,16.00288,209.423,3.80167,18.01273,15.933,7.32386,283.16824,8.57471,336.288,769.1769,4.11214,3.69769,21.50604,3.73969,488.54165,48.5641,140.32129,814.1538,3.97553,13.5252,6.737,2.54771,215.78504,11.18435,27.28267,388.5138,6.67553,5.85794,4.39531,4.78388,38.66902,7.28169,11.63635,26.08035,3.80951,6.21839,3.30529,6.51814,42.25857,7.88292,11.54786,30.43278,4.61169,6.03684,3.24427,4.1139,22.47278,6.08063,8.64753,16.74782,4.86041,4.00035,2.57992,2.78139,23.54041,5.55414,13.48447,31.45124,4.91849,2.26706,3.69598,2.68047,77.0529,22.72984,3.978,37.8802,5.065,10.90402,2.22571,2.54549,3.31027,2.00302,2.3561,5.96065,9.74708,1.9702,4.12914,9.12071,3.73104,1.96741,3.52424,3.41035,6.865,5.72998,6.03739,2.85259,3.83835,5.36012,6.93618,6.20476,4.32794,6.04722,2.942,9.83022,12.13088,6.75557,3.98439,4.8278,9.47249,2.18092,5.4579,8.07047,12.39916,7.54833,5.23916,7.05857,9.30178,16.95843,7.23486,12.75939,28.02716,13.35159,4.32065,8.61676,4.86327,16.72612,4.27473,4.392,10.43206,5.20031,5.05806,6.887,4.13549,9.29135,6.32522,4.72063,9.535,12.38071,19.07957,5.06429,17.313,7.1341,8.82329,9.33229,33.621,14.09996,9.98388,17.87992,3.27831,19.25114,4.66908,7.34276,16.7581,9.79753,7.88794,13.87545,2.875,15.39147,1.15945,4.38559,1.07516,1.42447,4.87161,1.9528,4.98729,6.07461,20.56441,4.53794,5.20055,11.887,8.82463,3.50196,2.16404,2.53061,6.879,3.63802,4.44573,5.36208,1.59463,1.63006,3.1608,9.11747,9.05847,24.8508,13.18747,51.05206,12.22041,11.61998,3.17969,11.2259,18.82443,45.54871,68.21094,15.77843,12.08439,11.49924,4.665,19.61337,15.41829,34.396,68.378,18.79,17.89165,14.8889,4.71361,20.54814,18.48322,60.75565,89.04696,30.95914,12.34545,45.42518,7.52,41.267,8.81229,10.867,9.10024,3.53457,3.23555,3.197,15.02849,33.8618,40.005,116.065,22.0759,20.13276,22.03051,5.14422,36.89453,51.62663,24.02061,130.31067,11.77749,98.15035,69.40124,20.25408,79.28545,50.52849
3.45157,4.06931,53.4678,9.76496,13.8352,31.00445,2.92039,6.73894,9.96033,9.25869,174.37457,22.57488,14.911,178.64067,4.36129,19.83088,15.79314,6.56186,272.46804,8.13457,314.00202,746.46671,4.60639,3.77686,19.572,3.67312,458.57524,42.082,143.631,753.05216,3.95949,11.40459,6.45686,2.69271,202.56445,9.9,27.26516,373.96339,6.73118,4.61151,3.86959,4.22749,34.71371,5.76888,11.03071,25.11669,3.33141,5.15998,2.85786,6.18571,40.577,7.84669,10.54147,28.40959,4.4069,5.39959,2.93733,3.66118,20.07382,5.05957,8.06045,15.8912,4.11735,3.62788,2.35082,2.698,22.12051,4.77153,13.13263,31.70424,5.30243,2.28469,3.86598,2.77559,69.45122,22.89288,3.98045,37.25657,5.577,13.91839,1.95743,2.62414,3.35161,2.13188,2.44333,6.09771,9.2,1.891,3.61371,8.572,3.70418,2.02918,3.31065,3.21006,6.95243,6.41373,6.15871,2.93022,3.82839,5.24061,6.80578,5.92798,4.5831,5.80337,3.26161,9.77586,12.42149,5.83218,4.29065,4.91969,8.2642,2.09692,5.68159,7.92343,13.04969,8.16651,5.26433,6.86735,9.263,16.54443,5.95804,11.12857,28.06353,12.74376,4.27129,8.14363,4.659,15.806,4.06218,4.31053,10.3648,5.03298,5.26229,6.74406,3.74373,8.34865,6.0458,4.4981,9.05996,11.44714,17.584,4.88388,16.26188,7.89749,8.143,9.33296,31.20324,13.97845,9.40524,17.77508,3.30216,18.35861,5.08573,7.85147,17.27569,10.72476,8.016,14.43788,2.81927,15.55553,1.20424,4.5071,1.11053,1.50539,5.04865,2.11492,4.47133,6.559,19.55371,4.32816,4.69963,11.28731,8.15639,3.51549,2.19306,2.36998,6.342,3.55347,4.49116,5.079,1.60729,1.62512,2.92108,8.25745,8.43433,24.7592,12.25545,51.32882,12.30049,10.60198,2.975,10.438,15.52614,43.196,71.96892,17.08633,11.68533,12.27216,5.012,24.15743,15.519,34.82643,67.206,19.683,18.9388,15.48037,4.72706,21.16343,18.56906,62.16357,91.9492,21.79143,12.16378,44.4672,7.215,41.891,9.22557,11.145,9.73706,3.759,3.24969,3.21257,16.9801,30.74412,41.988,117.07,22.40484,21.02529,23.42369,4.84716,37.45373,49.32855,22.13722,125.0659,11.31159,88.62155,69.75527,19.78765,68.78347,52.34137
3.366,4.17959,52.56614,8.92731,13.214,29.958,2.9842,7.87812,8.53655,7.93798,159.513,19.49145,14.479,169.90347,3.61033,19.62367,13.36141,6.09071,252.81218,8.24914,291.97829,697.519,4.59755,3.88,18.90606,3.67337,406.27361,39.61498,142.968,741.58873,3.44198,11.65202,7.192,2.83171,193.031,9.45547,27.36349,378.93376,6.53743,4.99273,3.50935,4.11647,32.77765,5.4438,10.30422,24.25145,3.18898,4.17976,2.61529,6.57898,41.93363,9.19622,9.94192,28.73669,4.49884,5.70941,2.92041,3.39784,17.97831,4.55402,7.819,15.05806,4.23763,3.12808,2.75718,2.44333,21.78924,5.22035,13.0759,31.14731,5.3319,2.31849,3.56559,2.71,63.531,22.56349,3.83098,34.053,4.97843,11.89345,2.232,2.63147,3.393,2.07341,2.19543,6.143,8.82022,1.979,3.78014,8.81414,3.89761,2.40316,3.53182,3.19492,6.85527,6.66914,5.64186,2.85235,3.835,5.4599,6.75604,6.26378,4.47649,6.06427,3.66178,10.08508,13.084,5.62445,4.82876,5.10233,8.19918,2.142,5.97337,7.67347,13.2601,8.93441,5.411,6.88624,9.03953,15.548,5.95802,11.335,28.54129,10.84482,4.31294,8.15863,4.64,15.4311,4.30169,4.20206,9.03739,4.4128,5.412,7.06998,3.61035,8.611,6.67794,4.57539,8.46084,10.997,18.49143,4.93559,14.82216,8.19227,7.63906,8.21831,29.19437,15.30059,9.88739,17.55322,3.172,19.1808,4.90153,7.975,17.997,10.77512,7.636,14.35878,2.81304,15.33184,1.05476,4.33535,1.11384,1.42924,5.44922,2.14749,4.87249,6.8718,20.31261,4.18722,4.70257,11.35198,7.83406,3.5188,2.18771,2.18535,6.02829,3.47633,4.34971,5.31324,1.83869,1.7948,2.87837,8.89359,8.57484,23.86288,13.40292,54.20459,12.585,10.87086,2.95931,10.243,14.18486,42.323,71.696,21.316,11.55953,10.883,5.312,28.22404,17.83386,35.185,68.231,17.796,19.03961,16.73506,4.35898,16.22886,16.54737,57.20008,85.2399,14.76114,12.38998,45.09873,6.372,31.935,10.18829,11.12157,8.91847,3.8398,3.31131,2.99516,17.35392,31.14782,46.287,127.802,23.54592,21.01386,23.58729,4.98586,33.83284,51.86498,21.27988,120.39988,13.81473,81.04573,65.14339,23.91757,73.06953,60.09929
3.07186,4.25684,51.054,9.21871,12.19908,28.56873,3.03376,8.34755,7.76222,7.5209,149.49557,17.57863,14.11292,157.34169,3.20498,15.33347,13.17341,5.82571,226.32076,7.60743,262.89994,622.14798,3.86153,3.28557,18.78867,3.612,385.435,36.32398,140.367,711.12029,3.23529,10.67988,6.889,2.53714,188.82767,9.18008,27.13259,345.55584,6.04322,4.79514,3.14806,4.0981,30.38971,5.5811,8.94429,22.39449,2.95337,4.00363,2.45971,6.37567,40.45927,9.33,9.29869,26.88884,4.72,7.07251,3.19935,3.41596,16.15306,4.13802,7.43976,14.11651,4.72676,2.77231,2.95582,2.396,21.41316,5.14076,12.724,30.06871,4.99314,2.3178,3.05508,2.61435,58.68165,24.64118,3.79088,32.81604,4.86078,10.49255,2.46971,2.62294,3.37067,1.81688,2.09327,6.06757,8.96384,2.071,3.97786,8.25171,3.82224,2.58518,3.67627,3.048,6.44837,6.85024,5.75427,2.74524,3.708,5.6459,6.70835,6.21471,4.21492,6.09345,3.3948,10.5489,13.78961,5.42412,4.34863,5.18729,8.03651,2.2479,5.82257,7.67473,13.25539,8.62859,5.50973,6.96086,9.06522,16.995,6.2272,11.107,25.23616,10.55384,4.44663,8.54639,4.49131,16.028,4.24924,4.2149,8.8092,4.14945,5.11635,6.983,3.62324,9.44184,7.19586,4.751,7.13576,11.79665,18.31,4.65878,12.59384,7.37006,7.92145,8.26827,30.83376,13.90327,9.83516,16.44506,3.20471,18.50088,4.5911,7.76435,17.462,10.28145,7.43465,14.84514,2.791,15.30335,0.87961,4.343,1.06029,1.42845,5.641,2.225,3.91216,6.76978,20.054,4.35104,4.84639,11.4061,9.01584,3.44708,2.41916,2.5029,6.80114,3.841,4.34329,4.80455,1.80659,1.856,2.71592,7.89594,8.8911,23.97133,13.35604,55.90412,12.41816,10.72359,2.97824,10.15837,14.51343,39.67647,73.16965,26.32014,12.177,10.82406,5.323,29.84918,18.39286,34.635,70.636,17.553,19.56986,16.49978,3.94992,16.55471,16.59859,56.99241,73.26361,16.29157,12.56037,42.31949,5.367,26.661,9.69543,10.808,6.65769,3.67186,3.216,2.78169,13.13149,30.56959,47.14,125.327,26.27347,20.35818,22.129,4.73876,37.80888,54.02449,21.76061,117.53892,15.30967,89.376,63.21437,25.32022,71.526,61.20186
2.82,4.15014,49.15657,8.97129,10.78443,26.61143,2.82014,8.13443,7.54743,6.94086,140.726,15.93943,14.05571,155.86814,2.96586,14.23871,16.48771,5.299,228.66771,6.424,251.07486,579.81829,3.51057,2.62043,16.32314,3.54357,358.75271,33.71743,136.31,645.439,3.10871,9.99071,6.404,2.613,182.33057,9.405,27.23643,345.77314,6.21386,4.59843,3.97586,4.23557,29.26043,5.86514,8.773,21.552,2.781,4.055,2.582,6.42586,39.26843,12.33286,9.51029,26.82186,4.42643,7.76929,3.01343,3.363,15.35614,4.601,7.169,13.90057,4.23986,3.03886,2.75543,2.43686,20.19186,4.53771,11.98,28.21443,4.50643,2.137,2.46543,2.39257,55.70686,23.96014,3.89143,31.17614,4.85357,9.48571,2.138,2.57757,3.294,1.768,2.14114,6.44314,9.27386,1.97743,3.457,8.279,3.68571,2.34543,3.61629,3.05943,5.83614,6.451,5.34371,2.43571,3.55714,5.22629,6.05886,5.53643,4.44557,5.84714,3.17229,9.72271,13.611,5.42743,4.28843,5.13886,8.44486,2.22971,4.907,7.73829,13.446,8.49886,4.97971,7.173,9.38743,17.821,5.60771,10.47443,25.09514,10.75829,4.15943,8.52143,4.47257,16.55514,3.50457,3.888,8.60471,4.57257,4.54429,6.57129,3.79414,10.05229,7.627,4.49943,6.216,11.94786,17.53,4.54171,11.422,7.07571,7.86386,8.01,27.71586,13.191,9.46014,14.74,3.14614,17.78214,4.90514,7.55571,15.71543,10.28729,7.61971,14.34971,2.72114,15.05014,0.93414,3.75571,1.06514,1.42714,5.472,2.346,3.85757,6.62929,19.627,4.17629,4.69771,10.702,8.08543,3.315,2.12071,2.25071,7.077,3.90386,4.56014,5.16114,1.74014,1.93729,2.66057,8.46671,8.675,25.64486,13.45886,56.67429,13.14057,9.86514,3.04786,9.95629,15.248,39.20743,73.35829,27.44686,12.51443,10.99443,5.341,28.294,17.365,34.536,66.772,16.326,19.48971,16.369,3.54729,15.751,16.82371,50.923,78.89243,16.552,12.78914,41.71314,5.562,32.14,8.979,10.645,5.56086,3.65814,3.16857,2.53114,11.398,31.57657,43.288,124.649,23.46929,20.64371,24.04914,4.493,33.75371,52.73829,22.19171,112.76529,17.07257,90.40371,65.693,25.48786,72.76257,66.898
2.742,4.18369,45.08543,8.31831,10.94,24.49663,2.66043,8.694,6.97384,6.37692,138.90157,15.6551,13.91049,150.44845,3.00508,12.74312,19.98927,4.43629,233.22663,6.354,255.89543,590.49449,3.772,2.94786,15.42237,3.38655,353.35508,27.72571,134.12371,608.54041,3.30331,7.57265,6.32543,2.52929,165.3998,8.62396,26.31931,321.38253,5.21167,4.60239,3.45161,4.227,29.07324,5.26116,8.62118,20.86006,2.88388,4.19157,2.80743,6.472,39.29498,11.86551,9.27455,26.53184,4.59567,7.91073,2.84143,3.17186,15.18402,4.27192,6.46745,13.15533,4.581,2.90949,2.41169,2.36959,18.16486,4.09255,11.27359,26.851,4.07298,1.89414,2.06814,2.26759,50.13886,21.09002,3.929,31.55651,4.93422,9.35857,1.94371,2.66082,3.44339,1.80657,2.24108,6.54406,9.26631,1.904,3.29371,8.17971,3.77616,2.36165,3.26769,3.06671,5.89369,6.83502,5.63435,2.21843,3.60194,5.242,5.76853,5.35608,4.573,5.40063,2.86149,9.72149,13.834,5.76898,3.79237,4.83994,8.405,2.1851,5.02398,7.897,14.32976,9.67459,5.29194,7.33694,9.62537,18.93857,5.1471,10.53963,24.11688,10.89255,3.88859,8.165,4.514,16.045,3.37406,3.98537,8.88,5.31327,4.49104,6.62961,3.809,9.97729,7.37659,4.50596,5.555,11.61865,17.33657,4.41302,10.51292,6.78886,7.15241,7.41855,25.72239,13.42429,9.342,14.57327,2.99251,18.56251,4.76855,7.30143,14.95786,9.65651,7.43741,13.08557,2.59902,13.59718,1.0369,3.65637,1.08402,1.46702,5.35522,2.47996,4.21112,6.27686,19.94816,4.11378,4.60759,10.06543,8.326,3.22188,1.91953,2.18522,7.51914,4.12563,4.63963,5.28535,1.64269,1.89031,2.707,8.00402,8.848,23.64778,13.1659,54.31443,12.61912,10.50237,2.98343,9.954,13.65243,38.55724,70.78661,27.33298,11.93547,11.71049,5.117,29.81553,16.91686,33.106,61.066,20.583,19.77535,16.63618,3.62837,19.34371,16.998,53.73441,72.11776,13.40329,13.55559,43.65624,5.243,29.181,8.14029,9.776,5.20616,3.52249,2.98641,2.22814,10.52786,32.2388,42.292,126.696,20.1672,20.45453,24.82569,4.15265,32.27396,56.0899,20.82857,105.97873,11.75659,85.43314,69.98943,20.8768,71.69584,54.97208
2.46657,4.05308,42.78378,7.87306,10.02635,22.64253,2.49835,7.67953,6.672,6.55839,138.225,14.95251,14.35818,161.75218,3.0012,12.51982,16.39369,4.64271,220.16269,7.06986,249.20631,591.86143,3.87943,3.40488,17.96402,3.46173,352.79,29.97445,140.54986,614.82118,3.46851,8.32337,5.965,2.41,167.72773,7.29584,25.67094,304.19951,5.11537,4.01667,3.25516,3.87037,26.02222,4.52116,8.63082,19.14092,2.75735,3.72747,2.83829,6.79278,41.27594,10.47661,9.21584,24.6801,4.514,7.3179,2.25731,2.87314,14.66533,4.43,5.74008,12.984,4.20935,3.019,2.14531,2.28761,17.44247,3.96033,10.92763,26.47392,4.13849,1.83369,1.87247,2.22561,44.27445,16.96912,3.88412,30.70133,4.90118,7.45263,1.97729,2.611,3.37608,2.05178,2.34112,6.72214,9.56745,1.97576,2.89529,7.447,3.82282,2.62986,3.00671,2.96653,5.72433,7.47312,5.63704,2.46169,3.56278,4.53602,6.05645,5.77433,4.54512,5.3392,2.66996,9.6248,13.68969,5.75978,4.00378,4.94527,8.15139,2.1989,4.77404,7.845,15.33357,10.32896,4.91494,7.23896,9.618,18.07757,4.81257,11.05739,24.23169,10.28082,3.85222,8.36394,4.488,15.57747,3.20284,3.85135,8.97986,5.90947,4.34655,6.473,3.86202,9.548,7.24271,4.49698,5.46202,11.41673,18.58743,4.286,10.63806,6.57043,8.00053,7.70982,27.84624,12.48361,10.44324,16.04135,2.96963,17.89527,4.68378,7.37835,15.22957,8.98231,7.69631,14.04071,2.50047,13.56235,1.00524,3.81635,1.0228,1.5289,5.12,2.60643,4.49184,6.5189,21.04294,4.34584,4.35,9.79337,8.27071,3.33951,1.97412,2.27433,6.57971,3.82035,4.5489,5.50208,1.67541,1.99488,2.63267,8.075,7.79,22.68402,12.4741,52.91712,12.24576,10.03969,2.87712,9.42904,14.218,40.00122,67.58369,26.80396,11.606,10.95492,4.747,27.99061,16.114,32.584,59.833,25.182,20.15229,16.95327,3.88661,20.92957,16.64355,52.95647,72.31161,13.88143,13.52622,42.35343,4.91,27.09,7.89014,9.42557,4.91714,3.64631,2.93222,2.01878,10.76282,31.151,42.599,120.926,16.1901,21.2401,24.88835,3.64376,27.62716,50.2402,18.478,101.14457,11.70308,86.51424,62.62767,19.67094,71.69351,52.7331
2.17886,3.89002,38.889,7.65071,9.03847,20.69598,2.43694,7.82998,6.9632,7.53941,148.18657,17.97078,14.979,168.7839,3.21514,12.16182,14.3488,5.01157,223.67678,7.02643,234.114,563.69341,3.70963,3.45461,20.30943,3.5738,343.18284,29.72373,139.412,597.54667,3.37331,8.827,5.68,2.39043,173.16751,7.0909,25.23347,294.123,5.037,3.6139,3.80839,3.97339,25.22306,4.10924,8.13296,17.85004,2.51541,3.42708,3.039,6.53769,44.79888,9.239,9.033,23.25039,4.31765,6.839,2.01876,2.83457,14.31898,3.98439,5.90857,12.81665,4.31137,2.80957,2.42557,2.18659,17.42916,4.3779,11.00216,26.94931,4.36065,1.96982,1.97622,2.31133,41.92108,14.663,3.63212,28.73014,4.26331,6.58263,2.247,2.60427,3.10618,1.91773,2.269,7.02831,8.67678,2.04235,2.63614,6.93214,3.50563,2.75424,3.04084,2.84065,5.59922,7.75149,5.76522,2.501,3.59149,4.197,5.98314,6.03173,4.74937,5.44704,3.23214,10.86857,15.22935,6.49743,4.66767,5.53451,8.6408,2.15306,4.57,7.54763,14.99133,8.44324,4.82951,7.07655,9.332,17.46571,5.05435,10.95053,23.68092,9.59806,3.90437,8.24914,4.38304,14.92122,3.02341,3.73602,8.20769,6.148,4.28851,6.35194,3.76939,9.52986,7.71127,4.57061,5.72916,11.37996,18.94014,4.456,12.2178,6.40033,10.33537,8.865,31.19082,13.53708,11.32527,17.45176,3.12898,19.96918,5.31512,7.87563,15.88963,8.36837,8.31394,14.3028,2.527,12.86957,0.98276,3.57447,0.95704,1.5121,4.98606,2.68173,4.09953,6.56053,22.02822,4.45753,4.61355,9.91018,7.59192,3.1741,1.90661,2.39249,6.654,4.209,4.13933,4.77749,1.78512,1.8408,2.38845,7.06129,8.36661,20.9689,11.637,52.63016,9.93018,9.8339,2.714,8.81841,16.037,38.027,70.05498,26.86257,12.42788,11.84353,4.625,31.03788,13.68186,31.228,63.407,26.803,19.02431,16.942,4.03298,24.51914,14.50224,50.82492,72.98024,15.76957,13.72414,44.13971,4.897,30.7,8.10486,9.26657,6.00586,3.57865,2.87292,2.02961,12.50857,31.75361,40.979,110.695,18.0818,22.07382,25.731,3.414,31.77388,54.95671,19.94384,103.92457,10.96302,90.54835,65.78571,20.22533,70.28647,55.93237
2.177,3.85469,37.88086,7.26765,8.88378,19.66378,2.41927,7.28229,7.94133,9.06524,149.247,20.04224,14.9908,164.04871,3.804,16.1801,13.37543,6.803,225.776,8.02943,235.74224,553.12667,3.52137,4.08224,21.309,3.56008,330.072,28.52763,138.51371,559.55743,3.2811,8.76245,5.854,2.56914,168.01243,8.34618,24.69704,293.22141,5.29078,4.28433,3.71724,3.55763,24.10739,4.55622,7.87682,16.98861,2.31286,3.33396,3.03314,6.06712,41.8812,8.57592,8.52588,23.00324,4.33527,6.731,2.06,2.81257,14.13727,5.08137,6.044,12.70537,4.58735,3.14639,3.3222,2.40037,19.74473,5.51198,11.47476,29.57533,5.20271,2.90541,2.00698,2.25147,43.67,14.96343,3.505,25.67857,3.68202,7.09527,2.38729,2.59992,3.13306,1.81492,2.12345,7.05986,8.8169,2.11582,2.87557,7.81871,3.88773,2.65882,3.4572,3.17641,5.75433,6.48886,5.90371,2.21808,3.5489,4.39649,5.889,6.00202,4.26808,5.36365,4.21622,11.67739,17.08512,7.29376,5.15837,6.10547,9.37473,2.2402,4.11182,7.25273,15.05304,7.47143,4.56659,7.23998,9.29665,15.56257,6.12106,11.56014,25.65316,10.63355,4.3111,9.09747,4.45218,16.59792,3.36102,4.12531,8.28088,5.91051,4.70292,6.6419,3.75624,9.59486,7.88927,4.565,5.49251,11.86869,19.21571,4.52484,11.8469,7.43273,12.11935,9.14582,33.63,14.332,11.92173,18.51022,3.22741,20.894,6.32471,8.241,17.15147,9.21461,8.84371,15.63161,2.634,13.80433,0.85767,3.46012,0.97455,1.42,4.752,2.41,3.90314,6.25343,21.44869,4.37665,4.58655,10.15443,7.02,2.94531,2.17465,2.22339,6.91743,3.84869,4.39255,4.71302,2.15084,2.03014,2.14661,7.14078,8.67682,21.20653,12.11006,56.18557,9.45696,10.96245,2.82645,10.57698,17.253,39.44041,76.01176,30.56267,12.81508,13.06645,4.793,33.95649,13.443,32.08686,72.187,33.229,19.52,18.04588,4.55627,30.08729,15.55882,48.62751,73.49173,22.54829,13.411,45.42443,5.19,37.362,8.091,9.95214,8.70461,3.73,3.24112,2.2348,15.31739,34.79404,40.92,123.707,25.76808,23.331,27.913,3.59584,39.46239,60.15145,21.67208,116.00151,14.16306,99.20545,70.73431,24.58524,71.41898,64.29682
2.48086,3.94831,37.21933,7.3149,9.17065,19.54284,2.47255,7.22608,8.48361,9.73259,146.43257,21.07053,14.709,154.53947,3.948,19.22073,12.74488,6.556,226.43329,8.842,229.02908,539.724,3.20398,4.61982,21.53892,3.59596,326.035,28.71063,134.63271,532.47659,3.16451,8.87741,5.22329,2.48614,168.42735,8.02802,25.31804,301.50539,5.0099,3.80259,3.28153,3.63806,25.311,7.08727,7.15845,16.95969,2.44184,4.76569,3.79843,6.71482,40.81602,7.57378,8.46484,23.13994,3.92614,5.68,2.06576,2.79673,15.26373,5.94524,5.31349,12.05729,4.17794,3.61886,3.5458,4.74059,21.07508,6.24939,11.57812,30.46,5.441,3.50263,1.85971,2.10439,46.92004,14.9348,3.59435,26.86698,3.903,6.87029,2.59614,2.53331,3.3421,1.80951,2.26549,7.16496,9.55588,2.03555,3.40943,8.22471,4.14922,2.94412,3.74869,3.39469,5.99271,7.10931,6.196,2.2129,3.55755,4.45355,5.7438,6.27449,3.90008,5.06506,4.51292,12.029,18.58,7.47888,5.33096,6.52729,9.80037,2.21863,3.84265,7.327,15.22892,7.21755,4.62773,6.73147,9.177,15.38529,7.15765,11.96012,28.77353,11.6439,4.59261,9.83614,4.61796,17.71749,4.05133,4.42063,8.88739,5.76592,5.13622,7.2001,3.82076,10.31369,6.86031,4.57,6.06616,11.17718,19.69286,4.49882,11.87729,8.05741,12.34753,9.02482,35.134,13.64743,12.30541,19.27688,3.2312,19.68206,6.56324,8.25716,17.95686,10.01714,9.58631,16.5992,2.7,14.77498,0.76737,2.9888,1.06202,1.33698,4.76882,2.279,4.41622,6.83751,21.64645,4.08845,4.58802,9.5308,7.19582,3.16159,1.97261,2.25208,8.24714,4.32761,5.06465,5.18543,2.37612,2.18173,2.27853,8.31437,9.10327,21.46104,13.15314,63.30267,11.39635,12.05882,3.08578,12.1352,17.02557,41.376,83.15555,30.74422,13.36333,13.95931,5.095,33.934,13.74,32.513,80.187,35.803,19.75912,18.98271,4.90051,32.27286,16.71678,54.03514,82.70749,27.99329,14.18876,49.06845,5.709,45.439,8.08157,10.34186,11.79196,3.89449,3.59839,2.51316,19.43008,36.75176,42.91,139.183,31.19492,24.00094,30.004,3.92976,45.70976,63.06259,23.11706,127.90382,16.78853,106.63824,74.83639,28.55996,72.98284,68.34892
3.04229,4.11822,37.498,7.613,9.58067,19.581,2.59447,6.65853,8.142,9.71163,139.69614,21.246,14.5999,144.12151,3.878,20.95545,11.73841,6.45971,228.89627,9.32543,217.95443,667.91408,3.154,4.92645,20.898,3.66516,335.52812,33.91296,132.07971,511.30561,3.12896,9.43127,5.53557,2.43471,160.21706,8.78922,25.43388,299.86449,4.88159,4.038,2.80778,3.423,25.311,6.45861,6.95786,16.73584,2.46512,4.60961,3.916,6.41971,38.49253,7.84618,8.53,22.23122,4.07231,5.4279,1.83418,2.64941,14.90257,5.77769,5.443,11.85263,4.07416,3.439,3.64118,4.91555,21.40767,6.69894,11.81014,29.95639,5.34214,3.83582,1.61761,2.03739,48.76953,14.439,3.505,26.16318,4.61678,7.124,2.62957,2.75802,3.424,1.99922,2.4639,8.3241,10.076,1.93153,3.75014,8.279,4.36718,3.14,3.98318,3.56159,6.19076,7.89012,5.68998,2.21147,3.312,4.113,6.07122,6.73604,4.01484,5.28855,4.551,12.127,19.67708,6.97455,5.65092,6.89722,9.46694,2.21284,3.79363,6.86382,15.23,7.3562,4.44918,7.07245,8.97765,13.89757,7.20045,12.07651,31.27359,12.119,4.81145,10.375,4.734,17.984,4.349,4.59141,9.67286,6.13327,5.46371,7.56,3.88312,10.50888,6.27061,4.29102,5.62351,10.48449,19.15829,4.489,10.82557,8.26584,11.81624,8.944,35.661,13.23771,12.53963,19.65086,3.203,19.01214,6.84186,8.23398,18.443,10.214,10.01547,17.32327,2.756,15.371,0.88853,2.86808,0.99837,1.36827,4.5189,2.23904,5.41598,7.4228,22.99812,4.46314,4.28984,10.46741,7.96996,3.36565,2.32008,2.26271,9.49271,4.61469,5.58453,5.62751,2.58939,2.36302,2.53673,9.32127,9.168,20.15141,13.49918,70.14598,12.4941,12.53945,3.22653,12.664,15.925,42.1771,89.04402,29.16282,13.45296,14.82735,5.306,33.242,13.915,32.59657,85.232,33.981,20.06173,30.02612,4.927,31.922,17.23855,56.234,88.19339,30.47371,14.58796,51.68751,6.113,50.264,8.49786,10.511,13.55908,4.16712,3.87437,2.7419,21.94714,37.185,43.993,150.741,33.64814,24.498,45.98386,4.22294,49.355,65.72273,23.6462,136.03469,17.052,108.916,78.655,29.352,72.215,70.20951
3.409,4.243,37.09371,7.64,9.66343,19.53386,2.587,6.83114,8.40429,9.718,135.383,20.95829,14.42414,135.16257,3.83229,21.81586,11.56686,6.635,239.836,9.901,215.26429,788.19486,3.00786,5.18114,20.262,3.812,364.72129,41.858,129.888,496.922,3.40657,12.41671,5.753,2.598,174.75557,10.173,24.065,298.03129,5.67186,4.668,2.93343,3.54243,26.36529,6.24957,7.48071,17.27971,2.59686,4.59414,3.853,6.69371,38.67529,9.45657,8.20129,21.52043,4.03529,6.01029,1.88429,2.44471,13.896,4.92471,5.39114,11.12514,4.62914,3.18029,3.801,4.82143,21.82271,6.94871,11.839,28.96643,5.31571,4.248,1.50857,2.18686,53.80829,13.75157,3.43157,25.04329,4.786,7.05043,2.672,2.889,3.46057,2.11457,2.60257,9.32414,10.14829,1.92643,3.898,8.253,4.48857,3.165,4.00657,3.67429,6.085,8.08429,5.85386,2.33543,3.37057,3.73871,6.37243,7.38986,4.40671,5.79171,4.42743,12.11,20.266,6.738,5.71314,7.126,9.30757,2.12957,4.22671,7.03457,15.84529,6.178,4.64386,7.02214,8.721,12.64,6.92,11.983,32.77614,12.145,5.01371,10.87243,4.762,17.906,4.354,4.63329,10.17143,6.28,5.64543,7.92029,3.89557,10.538,5.93771,4.243,6.22671,10.35386,18.744,4.83371,10.71343,8.60057,11.55014,8.81243,37.22971,17.17043,12.858,19.772,3.52586,27.38071,6.83214,8.09814,18.46914,10.20929,10.37043,18.11343,2.65029,15.07386,0.92629,3.41671,0.998,1.34457,4.18129,2.22843,5.81971,7.80757,24.67329,5.04029,4.28686,12.45814,9.14429,3.81457,2.65314,2.59,10.355,4.751,5.94714,5.92314,2.74243,2.50429,2.69071,9.835,9.76386,22.68914,13.417,75.335,12.44343,12.987,3.28643,13.024,15.617,42.273,92.829,30.43571,13.30829,15.445,6.659,39.42571,14.555,32.156,88.143,34.218,20.07071,31.98771,5.03186,31.658,18.089,56.749,94.26857,30.556,14.917,53.87386,6.394,51.918,8.867,10.445,14.33343,4.35471,4.077,2.88471,23.13371,36.439,44.451,159.084,33.76786,24.498,51.18343,4.45714,50.594,68.64043,23.792,141.92957,16.865,110.603,81.46914,29.90729,71.412,71.21457
3.45371,4.28,36.465,7.95678,9.622,19.427,2.521,7.34135,8.284,9.62196,135.42671,22.15598,13.90192,128.80996,3.72894,22.20782,12.041,7.41429,240.25294,9.94171,213.959,855.96643,2.87176,5.271,19.5598,3.79586,388.70918,54.68296,127.137,486.06729,3.499,17.19761,8.091,2.97029,193.04945,11.61941,23.86576,332.27424,6.40739,6.13202,3.66927,3.97229,25.84429,6.32302,8.23312,17.44973,2.60733,4.48731,5.38,7.97308,44.46902,12.17657,9.16222,23.83937,5.02394,8.41798,2.35231,3.37982,15.03192,5.37008,5.50043,13.46959,5.12586,3.52678,4.019,6.59659,24.56041,7.21014,11.75929,28.149,5.55314,4.20345,1.44673,2.232,61.84047,17.49659,3.37676,25.63555,4.45553,9.05116,2.724,2.97198,3.48312,2.27927,2.68724,10.45837,10.30873,2.10282,3.78429,8.40786,4.651,3.165,4.01818,3.768,6.22961,7.973,6.21551,2.58261,3.57102,4.09218,6.67202,8.13257,4.7178,6.21586,5.48073,15.18314,20.854,6.85286,6.06988,7.27512,9.199,2.23388,4.91755,9.36641,15.53671,6.03147,4.84059,7.41376,9.33027,14.08486,7.15676,12.42494,33.522,14.19394,5.079,11.23137,5.32371,20.62043,4.383,4.673,10.395,6.15614,5.7159,8.12573,3.93153,10.47753,6.64055,4.38433,8.37773,10.93592,19.41157,5.0778,12.37231,8.70959,11.46169,9.54745,45.40937,25.457,13.049,22.5141,3.68122,30.28467,7.6492,8.61237,18.557,10.371,10.64722,18.62518,2.8162,14.807,1.04302,2.98537,1.12012,1.4842,4.23084,2.60071,5.92453,8.17,25.99,5.46782,4.83337,14.87839,9.83741,4.19814,2.95114,2.85798,10.43114,4.77941,6.26535,6.12757,3.0469,2.65188,2.81831,9.934,10.61165,25.75971,13.50631,78.83235,12.29535,13.33557,3.42484,13.129,20.285,45.43133,98.35533,40.48392,13.49927,16.19894,7.896,43.505,18.62371,32.45529,90.969,42.221,20.12714,33.98014,7.87543,42.21686,17.86341,56.594,98.26102,29.213,15.312,55.36231,7.086,51.356,9.49271,11.00243,14.83767,4.44531,4.2959,3.24557,23.678,35.912,44.254,164.585,32.54049,24.7468,57.43749,5.75041,49.53247,70.58002,28.2161,165.61318,22.33673,111.29749,82.98916,34.44241,79.60606,71.082
4.339,4.3379,37.14549,12.48951,9.708,19.33514,2.69794,7.71331,11.78412,9.84735,140.42743,26.49996,13.418,131.80369,3.6418,24.73645,13.84,8.58929,251.88504,10.35657,221.85143,893.71306,2.92092,5.72673,20.302,3.908,444.0702,65.05753,123.33986,496.38873,4.06153,21.00692,10.519,3.205,213.29035,12.97406,24.07149,365.88153,7.17224,7.18206,6.02873,4.92398,30.59069,8.08745,9.15292,19.90606,3.24518,6.09898,5.98629,8.68929,48.87763,13.36237,10.07439,26.85092,5.5281,9.74714,4.49612,4.61418,17.26341,5.97463,5.97129,15.54843,5.20329,4.34563,4.1721,5.68008,26.63245,9.41931,11.63629,28.34584,6.636,5.86559,1.70292,2.301,65.18459,22.02831,3.44951,27.99896,5.3952,10.8982,2.72286,3.02757,3.53096,2.30624,2.73778,10.89127,10.173,2.2438,3.87014,9.647,4.82716,3.2278,4.08335,3.84367,6.3,7.89288,6.58384,2.73018,3.77716,4.69806,7.31367,9.02763,4.92918,6.72071,6.283,18.426,21.31267,6.86171,6.42686,7.68608,9.66857,2.37867,6.01645,10.281,17.21012,6.69008,5.19061,8.165,10.14865,19.16257,8.74776,17.78088,34.45363,23.62714,5.43935,12.00727,5.88,26.10892,4.31233,4.76771,10.39631,5.99567,5.79337,8.27176,3.939,9.88198,7.51624,4.60149,10.01637,11.34631,20.47929,5.05712,14.98469,8.982,11.329,9.82149,51.26969,27.44441,13.15549,23.45602,3.605,31.32741,8.43004,11.13116,19.50261,11.0321,11.04545,19.34724,2.9518,15.77676,1.2351,3.61157,1.19192,1.55331,4.39569,2.90806,5.96761,8.52643,27.14288,5.88224,5.39437,17.27608,10.215,4.51173,3.27247,3.07598,11.68957,5.18261,6.56214,6.22329,3.55737,3.1051,3.35031,9.863,11.26627,28.01406,19.79235,81.35357,13.63492,14.79604,4.06876,13.83676,21.10986,52.55429,104.12524,48.369,13.78702,17.34804,8.397,44.58424,23.60814,43.14429,99.914,52.462,20.96298,38.25584,8.92933,46.471,19.74,59.63539,102.76347,53.18029,15.423,57.093,11.664,59.15,18.41129,17.86429,32.27998,4.53247,4.64859,5.46506,42.36616,39.69457,71.755,172.888,38.1292,28.14541,66.14114,6.82002,49.93255,72.7629,35.8192,195.04818,29.672,111.48251,84.77118,37.45622,119.69757,86.57096
4.294,4.35451,39.65986,16.37973,9.73953,19.56978,2.756,7.795,15.319,10.5482,154.102,30.37206,13.64149,142.3532,3.7162,27.61135,19.32012,8.78071,305.37127,15.94171,254.30304,919.31214,3.43198,7.207,24.8188,4.1432,520.96678,70.41476,120.185,532.14106,4.70727,21.77435,13.38314,3.34857,233.34214,13.26329,25.53549,400.76818,7.83784,7.638,6.58998,5.50388,35.69467,8.76188,10.06312,21.67094,3.63667,7.04804,6.159,8.918,50.52882,13.647,10.9958,28.45551,6.01659,10.27708,4.63161,4.595,18.09355,6.237,6.44055,16.436,5.22529,4.61851,5.67057,5.99188,30.0709,14.73457,12.31555,30.45255,7.27045,7.108,2.82747,2.4891,67.73794,23.59431,3.63455,29.94778,5.94559,12.24796,2.73586,3.08063,3.5658,2.37445,2.718,10.1938,10.213,2.34698,4.11886,10.78557,5.08482,3.39614,4.19837,3.95496,6.38618,8.57341,6.74429,2.84898,3.95584,5.3959,7.99767,9.70094,5.18202,7.18222,6.66498,18.4599,21.677,7.49961,6.87082,8.14002,11.24427,2.46612,9.77931,10.24304,19.19212,8.46816,5.98918,8.915,10.15273,24.05171,11.16886,19.115,39.53316,23.01884,5.899,12.98335,5.69439,26.54516,7.5208,6.15437,10.38,5.81594,6.51945,8.84973,4.93704,14.52176,8.92237,5.10769,12.22702,11.90565,21.64986,5.25092,19.28645,10.28753,12.4028,10.76118,52.919,28.27022,13.33855,24.29692,3.63063,34.31498,10.16486,11.44488,22.13584,17.37053,11.31651,20.21576,3.05573,21.45271,1.40169,4.34378,1.24106,1.539,4.504,2.98843,6.295,8.86449,28.119,6.0972,5.82243,18.19112,10.44,4.79169,3.52139,3.243,15.02457,5.62629,6.9021,6.5242,3.7741,3.43453,3.74559,9.91724,11.77731,30.28567,21.034,86.03678,16.07757,16.055,4.32341,15.01359,22.26143,58.72,111.52527,53.77124,14.21304,18.352,9.162,48.21057,26.151,45.69243,112.265,58.799,44.11045,44.17376,9.53702,47.34257,26.19045,77.48704,117.51773,59.19671,15.65365,58.91845,13.086,68.709,18.14586,20.88257,33.6332,5.79216,5.49635,9.21314,44.776,46.9588,73.644,187.572,48.16857,30.309,76.17437,8.37418,60.78763,74.98041,37.19641,202.35808,30.41024,112.50298,87.96588,38.625,123.5968,90.26765
5.75086,4.8041,49.66478,17.44424,10.48392,21.21402,2.81371,11.42951,14.96192,11.00945,176.76657,41.71573,13.50892,148.21,3.83771,35.72804,21.41931,12.788,357.08437,19.34957,269.02749,975.9398,3.8592,8.26565,36.91645,4.73912,592.59096,77.83808,130.128,646.45729,5.31339,23.0482,14.89314,3.467,249.04467,14.12831,28.04996,446.55696,8.40363,8.43743,7.46912,5.66967,38.43994,9.29537,10.79514,23.12806,3.93978,7.41512,6.89257,9.48176,51.58076,13.803,11.5948,29.85398,6.2501,11.07557,5.51741,4.65,18.693,6.301,7.03673,16.924,5.36449,4.55092,6.763,6.22169,35.72527,16.50214,13.231,37.13835,9.11112,7.91286,3.60247,2.71269,69.32512,24.28114,3.82353,31.838,6.269,12.81853,2.784,3.134,3.61963,2.4742,2.788,9.49449,10.04731,2.39508,4.26029,11.68471,5.34212,3.6491,4.352,4.11833,6.46947,10.37402,6.9211,3.00171,4.06131,6.08933,8.57569,10.54729,5.44518,7.66502,6.53978,18.772,22.2741,8.22512,6.902,8.59686,13.04802,2.532,12.16294,11.20022,21.79363,11.85461,6.65949,10.15108,10.487,27.87957,11.60739,19.0931,43.43178,24.21106,6.10678,14.00447,5.785,28.79235,7.30002,6.9311,10.85624,6.13512,7.13522,10.4149,5.46465,16.27373,11.41973,6.24718,13.70959,12.67131,23.079,5.48627,20.58888,12.10843,14.54967,11.75929,52.521,28.69706,14.01965,25.39112,3.652,34.52329,10.25894,10.97253,25.43684,18.94904,11.5842,20.82471,3.03314,23.3201,1.51547,4.72931,1.262,1.48424,4.47176,2.91739,6.33549,9.21373,28.76422,6.2239,6.25327,18.55733,10.67314,5.41967,3.72067,3.37257,15.91371,5.91839,7.33941,7.11682,3.94839,3.68037,4.24716,10.40878,12.29143,32.459,21.673,88.83722,17.61241,16.28,4.70745,15.96012,22.422,59.80949,121.43745,56.472,14.29684,19.197,10.123,50.306,25.60386,47.366,120.89,60.013,46.95406,49.64673,9.74584,48.98757,29.77794,85.89533,129.00222,65.95,16.24016,61.92729,13.065,73.833,19.66257,22.60414,35.263,6.63629,6.34422,10.60524,46.24543,48.31467,73.644,200.745,58.05894,65.01957,84.12971,10.49629,66.79686,77.20931,38.732,208.73382,30.926,117.03027,92.43,40.1649,133.6221,100.42067
6.12829,5.14918,61.61659,17.551,11.89161,25.91392,3.03022,13.46563,16.47145,11.46035,217.628,49.037,13.418,162.75937,4.07755,49.264,23.09784,12.955,415.40733,20.55057,293.42239,1124.98518,4.29394,10.51157,43.508,5.02,671.14861,81.51133,141.37929,773.80408,5.63384,23.21882,15.144,3.68257,274.12318,15.53845,29.63904,486.75735,8.724,8.65224,7.48624,5.82531,40.24104,9.346,11.59649,24.46035,4.08418,7.62204,7.952,10.27241,54.31547,14.9101,12.55635,32.1138,7.23355,11.596,6.554,4.90273,19.06516,6.41988,7.96094,17.36678,5.68278,4.717,8.99157,6.69533,40.51008,16.479,15.1659,43.07888,11.05388,8.6502,3.96084,2.81522,74.3002,25.30637,4.03696,33.51508,6.32169,13.26818,2.83143,3.169,3.604,2.50576,2.839,9.06716,9.849,2.45467,4.29129,12.35186,5.59522,3.96024,4.52339,4.31045,6.86578,11.88927,7.108,3.0801,4.17212,6.6741,9.05506,11.41767,5.83467,8.0958,6.664,19.80314,23.17902,9.22461,7.12049,9.04084,14.02141,2.578,12.18812,11.267,25.31247,15.02184,7.15569,11.51592,10.724,28.168,12.25641,20.22245,46.73573,27.16594,6.22,14.98588,5.64478,30.952,7.53494,6.97002,12.57992,9.69402,7.64833,11.45184,5.59204,17.13914,12.85873,7.04716,14.23918,13.6648,24.252,5.59206,20.79076,13.51596,18.29353,13.179,53.938,28.87092,15.06298,27.01876,3.66865,34.576,10.31551,11.37,27.82271,18.76833,11.69518,21.50212,3.05843,23.84867,1.56392,4.94506,1.27898,1.46647,4.391,2.89447,6.314,9.53578,29.63537,6.46982,6.64892,18.11816,10.696,6.17176,3.79206,3.48502,15.924,6.18931,7.90543,7.55396,4.14512,3.93053,4.59588,11.3881,12.72055,34.45994,22.43984,92.23765,19.36624,16.83859,5.02665,17.48471,23.283,63.28941,125.63363,54.841,14.818,20.293,10.429,49.54363,25.55186,47.608,125.306,61.755,50.26524,54.07631,10.12065,50.166,31.569,91.8518,134.704,67.318,17.27024,64.89435,14.19,91.559,20.79129,24.20371,38.55616,7.6088,7.39988,11.37988,48.3199,52.131,73.348,219.479,60.725,68.84294,91.14937,11.60167,70.941,79.35665,39.87708,212.115,31.99759,120.46776,96.93233,40.7352,136.50869,104.09
6.407,5.25165,67.45453,18.66,13.24437,30.08137,3.30837,14.19863,21.88706,12.77239,244.32957,51.47294,14.18778,187.19324,4.3758,51.07888,27.02612,12.48314,471.18455,23.05171,359.50667,1229.933,4.59178,11.54329,45.43651,5.224,731.18561,85.09422,152.50271,899.09806,5.857,24.40051,16.19557,3.71929,298.44514,17.56355,30.754,517.34584,9.26818,9.54665,8.27427,5.9379,42.71059,9.86665,12.84312,25.77802,4.25241,8.107,8.52186,11.122,58.38106,15.75992,13.38229,33.93057,7.76108,12.28665,7.83406,5.6632,20.36453,7.26733,9.17445,18.55106,6.02351,4.97798,8.63361,6.57067,44.92016,17.99004,16.7748,49.89547,12.37343,9.071,4.25663,2.91,80.23869,27.06096,4.31,34.99037,6.706,13.24076,2.89371,3.20255,3.633,2.52755,2.892,8.91237,9.85676,2.56427,4.70386,13.00229,5.83976,4.25355,4.76912,4.48512,7.51684,12.74914,7.28816,3.14857,4.23647,7.6379,9.653,12.27833,6.13349,8.52504,6.69647,20.412,24.89194,10.86031,7.42096,9.35571,14.79224,2.63382,12.27169,11.507,29.27371,16.36869,7.83224,12.55435,10.89127,28.95243,12.88165,21.07194,49.73329,26.62935,6.58408,16.3499,5.73894,30.7212,7.65565,7.31,14.25278,10.7702,7.93537,12.27276,5.74637,18.11376,13.52971,7.24624,14.94622,14.37365,25.79514,5.63661,22.962,14.4771,20.11741,13.797,55.25396,29.00255,16.91124,28.51739,3.70606,35.95696,11.37396,12.05988,28.75,18.74237,12.21184,22.69608,3.113,24.563,1.66014,5.41806,1.33431,1.5372,4.45859,2.97384,6.4021,9.86673,30.496,6.67492,6.981,17.858,10.78984,6.85835,3.95494,3.609,16.18529,6.50361,8.4568,7.8222,4.32618,4.17653,4.84455,12.219,12.96835,36.36304,23.48841,97.53822,20.99276,17.788,5.38614,17.96696,24.45286,67.361,127.78651,54.8459,15.3618,28.21355,10.645,51.06976,26.00786,48.68,126.405,62.577,53.12651,57.15055,10.3199,51.596,34.19637,98.10084,142.19759,67.66143,18.078,68.07563,14.674,105.211,20.728,25.391,40.43061,8.70722,8.6762,12.01422,51.52029,54.75843,75.619,229.311,64.15541,73.63686,94.85106,12.39216,72.30312,82.82806,41.347,214.001,32.53416,124.84545,102.4648,41.959,137.77382,107.645
6.657,5.45943,71.95871,19.32029,14.34871,33.73314,3.632,15.57957,21.57171,13.95971,269.095,52.097,14.84786,207.13114,4.97657,54.04,26.75271,12.093,497.53414,23.904,411.79071,1270.12986,4.82457,12.13071,48.44,5.64743,809.35643,87.311,168.53,1030.22471,6.486,26.802,16.612,3.845,340.48329,18.38571,32.14171,544.73657,9.92529,9.90314,9.92143,6.32229,46.71214,10.61471,13.87771,27.88286,4.76171,8.27471,8.018,11.25514,62.45086,17.14557,14.26943,36.18614,7.86371,13.077,7.128,6.07086,21.83586,8.10414,9.908,19.539,6.46929,5.44457,10.41886,6.988,48.48686,17.939,18.76429,55.16386,13.79571,9.78429,4.432,2.988,88.80743,28.13586,4.54729,36.48371,7.08086,15.01,2.879,3.23871,3.72743,2.60086,2.95871,8.80857,10.05429,2.68471,5.146,13.969,6.12714,4.42,4.76943,4.64486,7.84114,13.64629,7.48714,3.276,4.31043,8.13171,10.02943,13.10529,6.444,8.95986,6.86714,20.671,27.01714,12.19171,7.82714,9.92457,15.68986,2.72971,12.551,11.706,32.80729,17.77771,8.73186,13.40371,11.087,29.447,14.23643,21.871,50.564,26.498,6.925,17.57814,5.852,31.87914,7.66443,7.46271,15.014,11.384,8.23129,12.98814,5.80214,18.60486,13.81,7.501,16.132,15.09457,26.979,5.65343,24.45429,15.22914,21.354,14.152,56.64714,29.22029,18.89529,30.04657,3.81643,37.318,11.93729,12.528,29.224,19.72,13.183,23.95714,3.052,25.054,1.77729,6.112,1.39686,1.64771,4.968,3.197,6.59329,10.16657,31.05443,6.85457,7.33586,18.361,11.405,7.47971,3.98771,3.71243,17.932,6.835,9.12314,8.59014,4.36957,4.39671,5.056,12.96929,13.22586,38.42371,23.87957,102.34143,22.366,18.33571,5.589,19.07529,25.103,71.87814,129.39,54.553,16.32414,33.672,10.748,51.11,26.506,49.705,127.517,64.806,55.675,59.36571,10.75671,53.417,36.36243,101.204,149.72543,69.39,19.005,71.28771,14.799,108.809,23.516,26.31,42.051,9.96814,11.039,12.03529,53.30614,57.785,75.464,234.605,64.11814,78.57171,98.778,12.95257,75.30829,86.89214,41.251,217.011,32.78814,130.31043,105.42971,43.77943,139.562,109.63586
7.40343,5.58304,76.45851,20.82829,15.493,36.9958,3.95137,16.27033,21.8698,15.02035,284.22257,54.38916,15.3879,219.90365,5.6251,55.025,27.40755,13.84371,528.27653,25.11929,448.38002,1275.793,5.48102,13.43745,51.12776,5.888,876.612,90.98998,183.09629,1142.32612,7.45573,28.09533,17.05171,4.01157,358.46433,19.5009,33.187,570.94829,10.3331,10.77729,9.39829,6.57253,49.06098,10.826,14.87386,30.00796,5.32543,8.8191,9.20157,11.75178,68.57822,17.90369,15.126,38.60335,8.52135,13.69035,6.84318,6.22884,23.04157,8.522,10.35167,20.0322,7.06608,6.1671,10.045,7.02257,51.669,19.00218,20.61208,59.61239,16.32592,10.342,4.51833,3.09376,92.01129,32.3951,4.6731,38.49014,7.54088,16.39751,2.959,3.26216,4.00578,2.654,3.03961,8.645,10.454,2.76427,5.26057,14.65586,6.38055,4.6178,4.90714,4.83659,8.401,13.92878,7.64406,3.37453,4.40108,9.15804,10.39339,13.891,6.70886,9.36918,7.051,21.65224,29.34318,12.95471,8.28227,10.51247,16.19116,2.80282,12.411,11.82127,34.486,18.74682,9.44135,14.24629,11.20841,30.30429,14.221,22.53182,50.658,26.35102,13.92573,18.63849,5.785,32.221,7.86757,7.68388,15.15718,12.216,8.65614,13.62845,5.85731,18.98727,13.73506,7.542,16.11649,15.83841,28.25571,5.63004,25.019,15.50094,22.39704,14.37,57.657,29.742,20.74341,31.77445,3.82841,38.363,12.81208,12.98733,29.526,20.05335,14.43767,25.486,3.14104,26.13708,1.87924,6.52963,1.47865,1.84061,6.00322,3.51055,6.915,10.45851,31.921,7.05202,7.66071,18.44284,11.97667,8.37006,4.1378,3.83784,18.62457,7.52967,9.72322,9.54096,4.59278,4.61565,5.274,13.96488,13.337,40.26586,24.73059,106.57967,22.77653,19.13655,5.85463,19.732,24.46914,74.807,130.036,54.21941,16.81037,38.03961,10.567,50.878,26.07,50.76171,129.292,66.066,58.05745,60.971,10.96708,54.14043,37.91037,104.23122,155.04429,71.34229,40.80186,73.74327,14.977,116.042,25.14,26.72943,42.171,11.02261,13.88118,12.305,54.888,58.978,76.561,237.621,65.055,83.2188,100.60486,13.219,76.606,91.47233,41.80227,218.60398,33.291,133.19808,107.16096,45.09853,141.676,111.412
7.22614,5.75688,80.74233,22.24292,16.57345,40.47871,4.24133,17.3408,23.13533,15.79778,300.23014,56.3822,16.34184,234.73463,6.52467,60.56867,28.6201,13.54214,549.935,26.059,473.28649,1278.284,5.8881,13.99657,55.22584,6.24447,937.51286,94.58088,700.66829,1262.85255,8.37208,29.267,20.32729,4.15657,384.92151,20.473,33.93665,598.19396,11.33251,11.87984,9.89912,6.59561,50.93629,11.68567,15.78851,31.58261,5.59424,9.55259,9.722,12.5339,72.204,18.41627,15.95637,40.53782,9.07753,13.98039,6.67767,6.62529,24.70216,8.95755,10.67794,20.63,8.18957,6.53855,10.42547,7.508,54.67518,28.09635,22.73851,64.88382,17.44692,11.077,4.96684,3.36806,92.667,33.74433,4.72388,39.53657,7.71245,17.40527,3.08,3.321,4.30296,2.775,3.12049,8.4752,11.02198,2.84604,5.42743,15.30857,6.66618,4.784,4.945,5.00796,8.98635,14.24802,7.817,3.38514,4.48773,9.95302,10.556,14.69453,6.8281,9.72065,7.38359,21.83196,31.15569,13.45578,8.78551,11.142,16.364,2.88051,12.20527,11.937,35.047,19.00567,10.00145,14.93088,11.422,31.062,14.60033,22.883,51.319,26.79963,15.41257,19.73955,5.84245,33.57129,7.95,8.014,15.66639,12.24639,9.21422,14.26212,5.82176,18.927,14.452,7.72129,16.34406,16.58631,29.14257,5.644,25.21392,16.03512,22.27376,14.481,58.58918,30.205,22.52612,34.02922,3.74965,38.84535,13.23127,13.233,30.085,20.67114,15.94351,27.12963,3.15057,27.07343,1.944,7.26043,1.57194,1.98076,6.85282,3.89267,7.35404,10.84678,32.78253,7.11239,7.991,19.41855,12.59857,9.13041,4.383,4.00453,19.59529,8.53331,10.26698,10.26929,4.91427,4.82549,5.43943,14.457,13.75,41.95294,25.01233,109.431,23.12178,20.378,5.94386,20.3238,25.19657,75.618,130.85,54.41,17.699,44.40729,10.601,51.17865,28.11543,51.128,130.44,66.066,61.47488,62.62318,11.04737,54.694,40.01555,108.013,159.54476,73.266,47.02133,76.16,15.133,117.064,25.209,27.287,42.908,12.34288,17.29157,12.58018,56.07016,60.56345,78.505,239.457,65.398,90.37055,103.057,13.51184,76.438,95.48082,42.18261,221.212,33.79161,136.897,109.756,45.98169,143.845,112.39
7.32714,5.85969,85.57004,23.2962,17.26751,43.57871,4.55451,18.77894,24.04892,17.03022,314.202,59.87,17.05149,249.12216,7.442,66.04982,29.27543,14.45314,576.74506,27.281,511.27198,1302.14143,6.94255,15.27359,58.713,6.835,974.81635,95.55516,756.88414,1365.08986,9.16304,30.382,19.95486,7.16571,400.834,20.59235,117.51228,632.52559,12.29124,11.914,10.15592,6.86037,53.35467,13.06443,16.51047,33.21073,6.30471,10.05365,9.607,12.72208,74.15594,19.03243,16.7802,42.16555,9.70596,14.315,6.48129,6.46786,26.24596,9.25012,10.74778,20.877,8.9688,7.36133,11.43784,8.91171,59.07484,29.56633,25.28169,70.25163,21.13363,11.189,5.02629,3.514,93.50114,34.051,4.77445,40.65565,7.91053,17.27906,3.14386,3.39678,4.43771,2.80278,3.20292,8.596,11.629,2.93251,5.94557,15.897,6.97935,4.863,5.12094,5.20767,9.29741,14.35482,7.98055,3.46433,4.56573,10.17584,10.75022,15.65163,7.075,10.1149,7.41933,22.007,32.433,13.64608,9.01386,11.90557,16.60267,2.94482,12.07639,12.016,35.24745,18.88894,10.47618,15.72443,11.37594,31.062,15.55808,23.23,51.79902,27.36131,16.97457,20.97555,5.92988,34.23022,8.46104,8.101,16.2052,12.063,9.93551,15.20269,5.89643,18.77127,14.8482,7.80063,16.63845,17.172,29.594,5.77392,25.435,16.25976,22.802,14.612,59.194,30.283,24.231,36.06235,3.74527,39.282,13.306,13.43918,30.76812,20.7722,17.13027,27.804,3.215,27.81441,1.935,7.866,1.68265,2.08376,7.43682,4.39549,7.78718,11.26892,33.618,7.348,8.2748,20.7678,13.32788,9.73298,4.60004,4.23486,20.054,8.86633,10.73357,10.84692,5.0071,5.02902,5.46888,14.508,14.19888,43.331,25.487,111.446,23.996,20.915,6.024,20.85284,26.50529,77.97435,131.342,53.017,18.41539,52.05341,10.63,51.42247,27.95243,51.678,131.102,66.25,65.65167,63.779,11.19637,53.65,41.07,109.1391,164.03,74.16171,51.38094,77.85984,15.344,118.487,25.67186,27.708,43.03555,13.80441,20.36229,12.66935,56.492,61.661,79.397,243.187,63.60655,101.31476,105.43,13.34647,76.773,98.164,42.419,222.923,34.001,139.94435,110.74814,45.91924,146.453,113.35649
7.857,6.28659,90.87971,24.18394,18.77214,46.94167,4.7581,19.51824,25.53494,18.419,322.58714,63.219,18.04712,273.50859,8.08224,68.11796,31.14041,14.32686,612.05535,28.112,548.89249,1341.47298,7.625,16.42949,59.0398,7.18716,1001.65516,99.32,804.85771,1450.8498,11.31024,31.249,19.168,7.49286,410.05753,21.74176,128.75612,665.025,13.44982,13.233,11.38002,6.95514,56.58163,13.394,17.14839,34.32573,6.86884,10.28612,10.05029,13.16227,76.64312,19.22557,17.804,43.733,10.13645,14.81871,7.13471,7.15471,27.21747,14.71069,10.90816,21.35353,9.48645,7.94822,14.99008,8.166,63.50029,29.715,28.24455,75.52098,22.50949,11.53445,4.737,3.41994,95.0168,35.24518,4.89829,41.776,8.23116,18.21653,3.31014,3.4961,4.59329,2.83706,3.319,8.564,12.11798,3.034,6.321,16.242,7.29288,4.95071,5.20688,5.38578,9.42349,14.249,8.18016,3.60073,4.6391,10.38488,10.93851,16.56114,7.21767,10.47051,7.75188,22.16814,33.54924,13.87327,9.415,12.63192,16.762,3.05131,11.75539,12.123,35.30884,19.2592,10.84365,16.66969,11.5552,31.50043,15.92586,23.32073,51.995,27.83371,18.65655,22.44445,5.88057,35.12827,8.57569,8.21486,16.474,12.17,10.61398,16.205,5.92265,18.82855,15.037,7.84722,17.097,17.98163,29.912,5.65594,26.02145,16.52576,23.241,14.72122,60.175,30.30449,25.94106,36.533,3.8142,38.381,13.66649,13.55161,31.30996,20.84129,18.61104,27.977,3.22788,28.124,2.01,7.976,1.80165,2.24614,7.71935,4.90314,8.32357,11.62594,34.39194,7.43643,8.51235,21.8772,14.088,10.28669,4.81482,4.47624,21.31,9.24182,11.21833,11.36094,5.21084,5.21927,5.51286,14.77,14.42841,45.28571,25.848,112.541,24.16,22.13659,6.144,21.401,27.38257,78.88055,131.507,52.49888,19.03173,58.14027,10.689,51.11,27.682,51.957,131.601,66.434,68.83943,64.604,11.25502,54.03086,42.37035,111.845,167.01567,75.048,56.39839,79.598,15.159,121.392,26.743,28.015,48.90586,15.40008,23.71141,12.73929,56.792,62.324,80.019,243.502,65.26812,112.92265,107.264,13.528,78.07545,99.71041,42.72,224.365,33.91,141.302,112.829,45.509,147.212,115.84343
8.054,6.42098,96.3338,24.03037,20.05143,50.12039,5.25969,21.38318,28.01184,20.2159,339.97129,65.015,19.30863,297.41443,8.83865,70.64737,40.29039,16.76786,652.60806,30.856,595.96673,1402.444,8.1038,17.64214,64.73833,7.61224,1037.36,101.276,853.357,1531.108,12.01976,31.32669,19.674,7.97457,424.66876,24.27659,136.66645,701.2518,14.46708,13.859,10.846,7.0141,59.70355,13.844,17.97386,35.36708,7.28524,10.84753,9.97571,13.38951,79.72531,29.37363,18.82306,45.3359,11.242,15.70718,7.73631,7.34808,28.32,17.07902,11.34588,22.145,10.80471,8.609,16.16684,8.351,63.93312,33.71139,30.56565,79.87712,23.988,12.36878,4.71276,3.5091,97.08,36.38451,5.96773,43.13492,8.815,18.333,2.80057,3.59247,4.78198,2.9452,3.438,8.75192,12.53971,3.12582,6.728,16.49614,7.60296,5.043,5.2801,5.54084,9.47184,14.30059,8.38578,3.70151,4.79241,10.12941,11.012,17.53137,7.4522,10.72467,7.88692,22.427,34.02,13.70296,10.05147,13.25565,16.44259,3.15194,11.97269,12.149,35.365,19.532,11.50418,17.674,11.57,32.24857,15.96259,23.465,52.29,27.96586,20.05953,24.15604,5.95,35.607,8.776,8.324,16.673,12.26576,11.27,17.14014,5.95,19.65627,15.2449,7.923,17.421,18.83173,30.17,5.72735,26.604,16.88357,23.336,14.70235,61.056,30.21216,27.53478,36.76,3.84137,38.185,13.662,13.66541,31.72233,20.725,20.11171,28.151,3.14522,28.199,2.08629,8.151,1.91598,2.37955,8.0179,5.59282,8.378,12.07008,35.142,7.53,8.69631,22.359,14.6451,10.7942,5.01298,4.74596,21.97014,9.59292,11.81492,11.65608,5.40671,5.42547,5.53851,14.957,14.781,47.79735,26.22247,113.651,24.779,23.32006,6.25761,22.131,27.68271,79.759,132.58131,53.567,40.00984,62.62086,10.837,51.83559,26.964,52.427,132.272,66.066,73.86971,65.35,11.338,53.417,42.85037,114.468,170.112,76.029,61.36778,81.06529,15.478,123.42,27.212,28.265,50.12704,17.21053,35.17812,12.888,57.66888,62.829,80.882,245.084,65.055,122.914,107.886,13.715,78.9709,102.102,43.334,225.236,34.55,141.982,113.89176,45.84292,149.535,117.12047
8.47714,6.757,98.07,23.994,21.41665,52.07337,5.47745,22.96041,28.39737,21.5221,354.05771,67.02163,20.67953,311.5141,10.48318,70.67218,42.65937,17.87814,675.55835,32.40814,635.09045,1459.813,8.61302,18.33906,64.001,7.7,1051.05459,106.951,882.101,1563.591,13.03143,34.22014,21.155,8.70314,449.77135,25.34302,144.55784,738.08635,15.55214,13.89976,11.28904,7.164,61.279,13.729,18.65739,36.6061,7.81173,11.64643,10.96271,14.50192,83.693,30.74273,20.29392,48.12696,12.0752,15.70241,8.02024,7.52641,31.11735,17.53361,11.61647,22.60908,11.37416,8.59633,17.447,8.33433,64.685,33.19618,32.70553,83.4972,25.27357,12.265,5.3271,3.5799,98.46814,38.69837,6.51861,44.662,9.24269,18.16555,3.21071,3.661,4.94743,3.05439,3.57188,8.912,13.084,3.22288,6.76957,16.645,7.8271,5.145,5.315,5.67296,9.42208,14.43641,8.63933,3.78724,4.96218,10.59208,11.14951,18.50916,7.52822,11.17198,7.81953,22.729,34.43655,13.99376,10.57063,13.93735,16.642,3.24304,11.8418,12.2558,35.365,19.72304,11.92431,18.53155,11.646,32.18671,16.27029,23.8988,52.687,27.92157,21.27167,27.06092,5.936,35.1772,8.99369,8.447,16.911,12.356,11.85959,17.61241,5.99845,20.07045,15.097,7.87159,17.665,19.63355,30.498,5.70196,26.951,17.001,23.79404,14.70773,61.44,30.205,29.23943,36.99,3.80727,38.479,13.624,13.7302,32.04198,20.863,21.68161,28.326,3.15771,28.3271,2.171,8.54167,2.04771,2.47494,8.142,6.06904,8.612,12.46616,35.78565,7.74527,8.963,23.26024,15.26653,11.34751,5.287,5.00904,21.349,9.882,12.49208,12.1041,5.51073,5.66759,5.56029,14.876,15.271,50.04839,26.352,114.211,25.305,24.8628,6.448,22.446,27.293,81.306,133.336,54.35494,43.71304,65.3448,10.898,52.296,27.164,52.89129,132.777,65.702,78.68094,65.823,11.105,52.798,44.54859,116.69506,173.52294,75.77171,68.294,82.759,15.56,125.349,30.13614,28.583,49.992,19.32904,45.17471,13.00602,58.179,63.17802,81.761,246.36,65.917,121.764,109.147,13.886,81.369,103.66259,43.437,224.365,35.021,143.06571,114.499,47.055,151.12,116.189
8.863,7.067,99.92,23.726,23.512,53.905,5.748,24.118,30.03,23.215,370.046,66.9,28.4644,327.296,10.83,72.885,43.972,18.277,699.236,33.978,669.548,1514.631,10.715,20.157,65.892,7.971,1069.199,173.917,909.32,1618.061,13.792,35.907,21.999,9.175,472.805,25.802,152.688,773.53,16.359,15.125,11.809,7.346,63.013,14.529,18.324,38.538,8.333,12.226,11.7,14.471,85.986,31.307,21.327,49.83,12.291,16.018,8.937,8.184,32.478,17.989,12.096,23.246,12.944,8.776,18.247,8.867,64.823,35.245,34.143,85.949,29.439,16.038,5.349,3.712,100.615,40.491,7.298,45.875,10.451,20.083,3.636,3.765,5.02,3.184,3.717,9.051,13.516,3.314,6.758,16.979,8.104,5.3131,5.332,5.832,9.431,14.672,8.882,3.886,5.098,10.427,11.252,19.541,7.703,11.651,7.914,22.817,34.578,14.261,11.262,14.503,16.742,3.335,11.556,12.285,35.493,19.693,12.53,19.539,11.931,32.399,16.002,24.113,53.393,27.913,22.176,29.981,6.432,36.018,9.037,8.447,17.154,12.483,12.383,17.776,6.202,20.45,15.301,7.923,17.665,20.436,30.831,5.943,26.812,17.089,23.955,14.802,61.569,30.718,30.305,37.067,3.852,39.334,13.662,13.846,32.225,20.752,22.149,28.684,3.403,28.124,2.231,8.873,2.174,2.553,8.286,6.434,9.064,12.882,36.52,7.718,9.206,24.76,15.832,11.938,5.459,5.287,21.825,10.155,13.264,12.374,5.618,5.944,5.608,15.204,15.603,51.533,26.627,114.493,25.852,25.637,6.617,22.446,27.492,81.045,133.336,55.425,47.331,67.222,10.943,53.785,27.232,52.809,133.626,64.63,81.363,65.919,11.12,52.432,46.815,118.374,173.28,76.71,74.972,84.481,14.824,125.488,30.423,28.973,50.207,20.727,57.845,13.121,58.337,63.689,82.296,247.645,66.979,121.195,110.754,14.002,81.184,104.862,43.127,223.787,34.737,144.285,115.691,47.268,152.328,116.189
